usage_date,connector,owner,environment,rows_synced,connector_cost_usd,warehouse_cost_usd,total_cost_usd,cost_per_million_rows_usd
2026-02-01,google_ads,marketing,production,546008,40.6,19.47,60.07,110.02
2026-02-01,meta_ads,marketing,production,796860,54.57,21.04,75.61,94.88
2026-02-01,netsuite_finance,finance,production,442242,60.6,14.34,74.95,169.48
2026-02-01,product_analytics,product,production,1273127,65.35,24.41,89.77,70.51
2026-02-01,shopify_orders,commerce,production,1509732,68.78,29.21,97.99,64.91
2026-02-01,subscription_events,growth,production,1812933,74.99,36.14,111.13,61.3
2026-02-01,warehouse_inventory,operations,production,961491,60.31,24.95,85.26,88.67
2026-02-01,zendesk_tickets,support,production,256637,33.94,14.1,48.04,187.19
2026-02-02,google_ads,marketing,production,770108,57.26,18.26,75.53,98.08
2026-02-02,meta_ads,marketing,production,981789,67.23,23.17,90.4,92.08
2026-02-02,netsuite_finance,finance,production,523279,71.71,13.69,85.4,163.2
2026-02-02,product_analytics,product,production,1743024,89.48,36.17,125.65,72.09
2026-02-02,shopify_orders,commerce,production,1852001,84.37,31.37,115.74,62.49
2026-02-02,subscription_events,growth,production,2270822,93.93,41.57,135.5,59.67
2026-02-02,warehouse_inventory,operations,production,1145288,71.84,21.34,93.18,81.36
2026-02-02,zendesk_tickets,support,production,338830,44.81,16.0,60.81,179.47
2026-02-03,google_ads,marketing,production,775190,57.64,19.18,76.82,99.1
2026-02-03,meta_ads,marketing,production,964812,66.07,19.83,85.9,89.03
2026-02-03,netsuite_finance,finance,production,571470,78.31,18.83,97.14,169.98
2026-02-03,product_analytics,product,production,1516758,77.86,28.25,106.11,69.96
2026-02-03,shopify_orders,commerce,production,1735001,79.04,31.88,110.92,63.93
2026-02-03,subscription_events,growth,production,2095207,86.67,39.97,126.63,60.44
2026-02-03,warehouse_inventory,operations,production,1005784,63.09,21.27,84.36,83.87
2026-02-03,zendesk_tickets,support,production,291528,38.56,13.77,52.33,179.5
2026-02-04,google_ads,marketing,production,799782,59.47,20.85,80.32,100.43
2026-02-04,meta_ads,marketing,production,970325,66.45,18.64,85.08,87.68
2026-02-04,netsuite_finance,finance,production,522825,71.65,16.3,87.95,168.22
2026-02-04,product_analytics,product,production,1315395,67.52,28.77,96.29,73.2
2026-02-04,shopify_orders,commerce,production,1924546,87.67,32.92,120.6,62.66
2026-02-04,subscription_events,growth,production,2064543,85.4,37.2,122.6,59.38
2026-02-04,warehouse_inventory,operations,production,1081179,67.82,20.94,88.76,82.1
2026-02-04,zendesk_tickets,support,production,277115,36.65,14.34,51.0,184.04
2026-02-05,google_ads,marketing,production,763245,56.75,18.74,75.5,98.92
2026-02-05,meta_ads,marketing,production,973726,66.68,20.76,87.44,89.8
2026-02-05,netsuite_finance,finance,production,490678,67.24,13.51,80.75,164.57
2026-02-05,product_analytics,product,production,1458903,74.89,30.91,105.8,72.52
2026-02-05,shopify_orders,commerce,production,1830717,83.4,34.51,117.9,64.4
2026-02-05,subscription_events,growth,production,2234173,92.41,40.91,133.33,59.68
2026-02-05,warehouse_inventory,operations,production,1029061,64.55,21.38,85.93,83.5
2026-02-05,zendesk_tickets,support,production,331531,43.85,12.5,56.35,169.97
2026-02-06,google_ads,marketing,production,763313,56.76,16.32,73.08,95.74
2026-02-06,meta_ads,marketing,production,957226,65.55,19.57,85.12,88.92
2026-02-06,netsuite_finance,finance,production,524115,71.82,15.84,87.67,167.27
2026-02-06,product_analytics,product,production,1461093,75.0,29.87,104.87,71.78
2026-02-06,shopify_orders,commerce,production,1895761,86.36,34.39,120.75,63.69
2026-02-06,subscription_events,growth,production,2323647,96.11,40.2,136.31,58.66
2026-02-06,warehouse_inventory,operations,production,1146499,71.92,25.93,97.84,85.34
2026-02-06,zendesk_tickets,support,production,283889,37.55,12.21,49.75,175.24
2026-02-07,google_ads,marketing,production,663520,49.34,19.19,68.53,103.28
2026-02-07,meta_ads,marketing,production,684454,46.87,21.32,68.19,99.63
2026-02-07,netsuite_finance,finance,production,434071,59.48,16.1,75.58,174.12
2026-02-07,product_analytics,product,production,1316932,67.6,24.85,92.46,70.21
2026-02-07,shopify_orders,commerce,production,1298494,59.15,23.79,82.95,63.88
2026-02-07,subscription_events,growth,production,1687525,69.8,34.94,104.75,62.07
2026-02-07,warehouse_inventory,operations,production,844880,53.0,18.73,71.73,84.9
2026-02-07,zendesk_tickets,support,production,248768,32.9,15.27,48.17,193.63
2026-02-08,google_ads,marketing,production,648461,48.22,19.11,67.33,103.83
2026-02-08,meta_ads,marketing,production,726837,49.77,21.17,70.94,97.6
2026-02-08,netsuite_finance,finance,production,500161,68.54,16.55,85.09,170.13
2026-02-08,product_analytics,product,production,1318018,67.66,24.46,92.12,69.89
2026-02-08,shopify_orders,commerce,production,1536893,70.01,30.57,100.59,65.45
2026-02-08,subscription_events,growth,production,1849169,76.49,34.35,110.83,59.94
2026-02-08,warehouse_inventory,operations,production,839755,52.68,19.67,72.34,86.14
2026-02-08,zendesk_tickets,support,production,260808,34.49,13.04,47.54,182.28
2026-02-09,google_ads,marketing,production,764465,56.84,18.13,74.98,98.08
2026-02-09,meta_ads,marketing,production,884265,60.55,23.86,84.41,95.46
2026-02-09,netsuite_finance,finance,production,485044,66.47,15.17,81.64,168.31
2026-02-09,product_analytics,product,production,1561468,80.16,30.86,111.02,71.1
2026-02-09,shopify_orders,commerce,production,2016722,91.87,37.35,129.22,64.07
2026-02-09,subscription_events,growth,production,2553743,105.63,44.19,149.82,58.67
2026-02-09,warehouse_inventory,operations,production,1136673,71.3,21.49,92.79,81.63
2026-02-09,zendesk_tickets,support,production,327885,43.37,9.75,53.12,162.01
2026-02-10,google_ads,marketing,production,752229,55.94,15.68,71.62,95.21
2026-02-10,meta_ads,marketing,production,873237,59.8,20.87,80.67,92.38
2026-02-10,netsuite_finance,finance,production,539337,73.91,16.43,90.34,167.5
2026-02-10,product_analytics,product,production,1531014,78.59,27.19,105.78,69.09
2026-02-10,shopify_orders,commerce,production,1528505,69.63,28.27,97.9,64.05
2026-02-10,subscription_events,growth,production,2214790,91.61,41.1,132.71,59.92
2026-02-10,warehouse_inventory,operations,production,972226,60.99,23.32,84.3,86.71
2026-02-10,zendesk_tickets,support,production,338399,44.76,16.01,60.77,179.58
2026-02-11,google_ads,marketing,production,915369,68.07,23.62,91.69,100.17
2026-02-11,meta_ads,marketing,production,863647,59.14,20.98,80.12,92.77
2026-02-11,netsuite_finance,finance,production,584661,80.12,15.22,95.34,163.07
2026-02-11,product_analytics,product,production,1466200,75.26,28.57,103.84,70.82
2026-02-11,shopify_orders,commerce,production,1753386,79.88,31.16,111.04,63.33
2026-02-11,subscription_events,growth,production,2117063,87.57,35.79,123.36,58.27
2026-02-11,warehouse_inventory,operations,production,1100122,69.01,22.19,91.2,82.9
2026-02-11,zendesk_tickets,support,production,333448,44.1,11.89,55.99,167.91
2026-02-12,google_ads,marketing,production,783264,58.24,19.6,77.84,99.38
2026-02-12,meta_ads,marketing,production,1042539,71.39,25.83,97.22,93.25
2026-02-12,netsuite_finance,finance,production,530265,72.67,15.04,87.71,165.41
2026-02-12,product_analytics,product,production,1363850,70.01,24.95,94.96,69.63
2026-02-12,shopify_orders,commerce,production,1648961,75.12,34.33,109.45,66.38
2026-02-12,subscription_events,growth,production,2259672,93.47,43.19,136.66,60.48
2026-02-12,warehouse_inventory,operations,production,1150359,72.16,26.33,98.49,85.62
2026-02-12,zendesk_tickets,support,production,344857,45.61,15.23,60.84,176.42
2026-02-13,google_ads,marketing,production,725537,53.95,17.33,71.28,98.24
2026-02-13,meta_ads,marketing,production,906427,62.07,21.89,83.96,92.63
2026-02-13,netsuite_finance,finance,production,547565,75.04,13.67,88.71,162.01
2026-02-13,product_analytics,product,production,1287634,66.1,26.57,92.67,71.97
2026-02-13,shopify_orders,commerce,production,2061965,93.93,34.94,128.87,62.5
2026-02-13,subscription_events,growth,production,2246841,92.94,41.2,134.14,59.7
2026-02-13,warehouse_inventory,operations,production,1144090,71.77,22.62,94.39,82.5
2026-02-13,zendesk_tickets,support,production,329636,43.6,16.42,60.01,182.05
2026-02-14,google_ads,marketing,production,694199,51.62,19.89,71.51,103.01
2026-02-14,meta_ads,marketing,production,715707,49.01,20.65,69.66,97.33
2026-02-14,netsuite_finance,finance,production,466184,63.88,14.31,78.19,167.72
2026-02-14,product_analytics,product,production,1234712,63.38,28.76,92.14,74.62
2026-02-14,shopify_orders,commerce,production,1404223,63.97,28.73,92.7,66.02
2026-02-14,subscription_events,growth,production,1906085,78.84,38.37,117.22,61.5
2026-02-14,warehouse_inventory,operations,production,893558,56.05,20.93,76.98,86.15
2026-02-14,zendesk_tickets,support,production,258758,34.22,9.49,43.71,168.92
2026-02-15,google_ads,marketing,production,654759,48.69,17.1,65.79,100.48
2026-02-15,meta_ads,marketing,production,777232,53.22,16.62,69.85,89.87
2026-02-15,netsuite_finance,finance,production,421426,57.75,16.53,74.28,176.26
2026-02-15,product_analytics,product,production,1182276,60.69,27.13,87.82,74.28
2026-02-15,shopify_orders,commerce,production,1475599,67.22,29.54,96.77,65.58
2026-02-15,subscription_events,growth,production,1877725,77.67,32.05,109.72,58.43
2026-02-15,warehouse_inventory,operations,production,816488,51.22,21.92,73.14,89.58
2026-02-15,zendesk_tickets,support,production,307272,40.64,13.47,54.11,176.1
2026-02-16,google_ads,marketing,production,925714,68.84,20.85,89.68,96.88
2026-02-16,meta_ads,marketing,production,861933,59.02,23.14,82.16,95.32
2026-02-16,netsuite_finance,finance,production,477250,65.4,14.86,80.26,168.17
2026-02-16,product_analytics,product,production,1859702,95.46,31.5,126.97,68.27
2026-02-16,shopify_orders,commerce,production,1537298,70.03,30.24,100.27,65.22
2026-02-16,subscription_events,growth,production,2055372,85.02,39.49,124.51,60.58
2026-02-16,warehouse_inventory,operations,production,1298624,81.46,24.84,106.3,81.86
2026-02-16,zendesk_tickets,support,production,294826,38.99,13.69,52.68,178.68
2026-02-17,google_ads,marketing,production,780351,58.03,22.37,80.4,103.03
2026-02-17,meta_ads,marketing,production,1059234,72.53,22.0,94.54,89.25
2026-02-17,netsuite_finance,finance,production,544844,74.66,13.44,88.1,161.7
2026-02-17,product_analytics,product,production,1582866,81.25,31.93,113.18,71.5
2026-02-17,shopify_orders,commerce,production,1783891,81.27,31.0,112.26,62.93
2026-02-17,subscription_events,growth,production,2281283,94.36,37.31,131.67,57.72
2026-02-17,warehouse_inventory,operations,production,1101093,69.07,20.8,89.87,81.62
2026-02-17,zendesk_tickets,support,production,326254,43.15,11.56,54.71,167.69
2026-02-18,google_ads,marketing,production,752839,55.98,15.84,71.82,95.4
2026-02-18,meta_ads,marketing,production,942510,64.54,24.32,88.86,94.28
2026-02-18,netsuite_finance,finance,production,616036,84.42,16.54,100.96,163.89
2026-02-18,product_analytics,product,production,1667337,85.59,28.71,114.3,68.55
2026-02-18,shopify_orders,commerce,production,1858131,84.65,33.24,117.89,63.45
2026-02-18,subscription_events,growth,production,2288850,94.68,37.76,132.43,57.86
2026-02-18,warehouse_inventory,operations,production,1058203,66.38,22.43,88.81,83.93
2026-02-18,zendesk_tickets,support,production,314015,41.53,11.14,52.67,167.73
2026-02-19,google_ads,marketing,production,730484,54.32,20.84,75.16,102.89
2026-02-19,meta_ads,marketing,production,1005247,68.84,25.39,94.23,93.74
2026-02-19,netsuite_finance,finance,production,539575,73.94,13.5,87.44,162.05
2026-02-19,product_analytics,product,production,1505178,77.27,30.55,107.82,71.63
2026-02-19,shopify_orders,commerce,production,1905099,86.79,32.37,119.15,62.54
2026-02-19,subscription_events,growth,production,2495560,103.23,43.18,146.4,58.66
2026-02-19,warehouse_inventory,operations,production,1102522,69.16,24.03,93.19,84.52
2026-02-19,zendesk_tickets,support,production,322959,42.71,14.02,56.73,175.66
2026-02-20,google_ads,marketing,production,901137,67.01,20.19,87.2,96.77
2026-02-20,meta_ads,marketing,production,816998,55.95,19.36,75.3,92.17
2026-02-20,netsuite_finance,finance,production,549771,75.34,17.5,92.84,168.87
2026-02-20,product_analytics,product,production,1669678,85.71,32.12,117.83,70.57
2026-02-20,shopify_orders,commerce,production,1881910,85.73,32.33,118.06,62.73
2026-02-20,subscription_events,growth,production,2348490,97.14,41.25,138.39,58.93
2026-02-20,warehouse_inventory,operations,production,1096858,68.8,27.0,95.8,87.34
2026-02-20,zendesk_tickets,support,production,337609,44.65,12.02,56.67,167.86
2026-02-21,google_ads,marketing,production,658219,48.94,16.23,65.18,99.02
2026-02-21,meta_ads,marketing,production,820477,56.18,20.22,76.4,93.12
2026-02-21,netsuite_finance,finance,production,480032,65.78,17.75,83.53,174.01
2026-02-21,product_analytics,product,production,1328551,68.2,30.15,98.35,74.03
2026-02-21,shopify_orders,commerce,production,1709110,77.86,33.5,111.36,65.16
2026-02-21,subscription_events,growth,production,1951326,80.71,37.4,118.11,60.53
2026-02-21,warehouse_inventory,operations,production,928524,58.24,22.3,80.54,86.74
2026-02-21,zendesk_tickets,support,production,279620,36.98,10.33,47.31,169.19
2026-02-22,google_ads,marketing,production,687071,51.09,20.18,71.27,103.73
2026-02-22,meta_ads,marketing,production,743347,50.9,19.56,70.47,94.8
2026-02-22,netsuite_finance,finance,production,412538,56.53,11.44,67.97,164.76
2026-02-22,product_analytics,product,production,1289781,66.21,28.4,94.61,73.35
2026-02-22,shopify_orders,commerce,production,1505596,68.59,32.79,101.38,67.34
2026-02-22,subscription_events,growth,production,1933901,79.99,35.34,115.33,59.64
2026-02-22,warehouse_inventory,operations,production,946369,59.36,22.2,81.57,86.19
2026-02-22,zendesk_tickets,support,production,240792,31.85,10.14,41.99,174.38
2026-02-23,google_ads,marketing,production,836072,62.17,17.52,79.69,95.31
2026-02-23,meta_ads,marketing,production,798166,54.66,22.69,77.35,96.91
2026-02-23,netsuite_finance,finance,production,589447,80.78,18.67,99.45,168.72
2026-02-23,product_analytics,product,production,1570816,80.64,29.54,110.18,70.14
2026-02-23,shopify_orders,commerce,production,1904870,86.78,35.11,121.89,63.99
2026-02-23,subscription_events,growth,production,2297519,95.03,42.5,137.54,59.86
2026-02-23,warehouse_inventory,operations,production,1197947,75.14,24.11,99.25,82.85
2026-02-23,zendesk_tickets,support,production,353405,46.74,14.55,61.29,173.43
2026-02-24,google_ads,marketing,production,737894,54.87,18.01,72.88,98.77
2026-02-24,meta_ads,marketing,production,972576,66.6,25.17,91.77,94.36
2026-02-24,netsuite_finance,finance,production,520683,71.35,17.75,89.1,171.12
2026-02-24,product_analytics,product,production,1638718,84.12,28.77,112.89,68.89
2026-02-24,shopify_orders,commerce,production,1829213,83.33,31.71,115.04,62.89
2026-02-24,subscription_events,growth,production,2486050,102.83,44.83,147.66,59.4
2026-02-24,warehouse_inventory,operations,production,1201944,75.39,24.46,99.86,83.08
2026-02-24,zendesk_tickets,support,production,353950,46.81,13.83,60.64,171.32
2026-02-25,google_ads,marketing,production,774917,57.62,15.93,73.56,94.93
2026-02-25,meta_ads,marketing,production,804271,55.08,20.38,75.45,93.81
2026-02-25,netsuite_finance,finance,production,503400,68.98,15.26,84.24,167.34
2026-02-25,product_analytics,product,production,1379686,70.82,31.29,102.12,74.02
2026-02-25,shopify_orders,commerce,production,2175123,99.09,39.91,139.0,63.9
2026-02-25,subscription_events,growth,production,2352341,97.3,43.4,140.7,59.81
2026-02-25,warehouse_inventory,operations,production,1064276,66.76,22.01,88.77,83.41
2026-02-25,zendesk_tickets,support,production,350251,46.32,15.68,62.0,177.02
2026-02-26,google_ads,marketing,production,811729,60.36,17.0,77.36,95.3
2026-02-26,meta_ads,marketing,production,980248,67.13,19.47,86.59,88.33
2026-02-26,netsuite_finance,finance,production,526804,72.19,13.38,85.57,162.43
2026-02-26,product_analytics,product,production,1514195,77.73,26.24,103.97,68.66
2026-02-26,shopify_orders,commerce,production,1861557,84.8,33.05,117.85,63.31
2026-02-26,subscription_events,growth,production,2199083,90.96,40.38,131.34,59.72
2026-02-26,warehouse_inventory,operations,production,1149721,72.12,22.48,94.6,82.28
2026-02-26,zendesk_tickets,support,production,324789,42.96,9.75,52.71,162.29
2026-02-27,google_ads,marketing,production,663560,49.34,14.69,64.03,96.49
2026-02-27,meta_ads,marketing,production,856456,58.65,18.66,77.31,90.27
2026-02-27,netsuite_finance,finance,production,565108,77.44,17.8,95.24,168.53
2026-02-27,product_analytics,product,production,1535421,78.82,31.71,110.53,71.99
2026-02-27,shopify_orders,commerce,production,1971639,89.82,36.84,126.66,64.24
2026-02-27,subscription_events,growth,production,2137718,88.42,35.8,124.23,58.11
2026-02-27,warehouse_inventory,operations,production,1247271,78.24,22.74,100.98,80.96
2026-02-27,zendesk_tickets,support,production,337639,44.66,16.22,60.88,180.31
2026-02-28,google_ads,marketing,production,616338,45.83,15.52,61.35,99.54
2026-02-28,meta_ads,marketing,production,744121,50.96,20.56,71.52,96.11
2026-02-28,netsuite_finance,finance,production,409757,56.15,11.12,67.27,164.17
2026-02-28,product_analytics,product,production,1358261,69.72,24.66,94.38,69.49
2026-02-28,shopify_orders,commerce,production,1534351,69.9,32.44,102.34,66.7
2026-02-28,subscription_events,growth,production,1844138,76.28,35.78,112.07,60.77
2026-02-28,warehouse_inventory,operations,production,858551,53.85,17.32,71.17,82.9
2026-02-28,zendesk_tickets,support,production,278252,36.8,15.76,52.56,188.89
2026-03-01,google_ads,marketing,production,651707,48.46,18.13,66.59,102.18
2026-03-01,meta_ads,marketing,production,741484,50.78,20.87,71.64,96.62
2026-03-01,netsuite_finance,finance,production,445911,61.11,15.29,76.4,171.33
2026-03-01,product_analytics,product,production,1258824,64.62,25.45,90.07,71.55
2026-03-01,shopify_orders,commerce,production,1464504,66.72,32.36,99.08,67.65
2026-03-01,subscription_events,growth,production,2020485,83.57,34.33,117.9,58.35
2026-03-01,warehouse_inventory,operations,production,1006930,63.16,23.64,86.8,86.2
2026-03-01,zendesk_tickets,support,production,269873,35.69,15.4,51.09,189.31
2026-03-02,google_ads,marketing,production,872295,64.86,20.21,85.07,97.52
2026-03-02,meta_ads,marketing,production,956969,65.53,20.34,85.88,89.74
2026-03-02,netsuite_finance,finance,production,571947,78.38,15.87,94.25,164.79
2026-03-02,product_analytics,product,production,1518068,77.93,29.57,107.5,70.81
2026-03-02,shopify_orders,commerce,production,2135192,97.27,35.73,133.0,62.29
2026-03-02,subscription_events,growth,production,2085775,86.28,34.45,120.73,57.88
2026-03-02,warehouse_inventory,operations,production,1002577,62.89,23.15,86.04,85.82
2026-03-02,zendesk_tickets,support,production,328801,43.49,14.05,57.53,174.97
2026-03-03,google_ads,marketing,production,790845,58.81,20.64,79.45,100.46
2026-03-03,meta_ads,marketing,production,977975,66.97,23.61,90.58,92.62
2026-03-03,netsuite_finance,finance,production,604077,82.78,16.48,99.26,164.32
2026-03-03,product_analytics,product,production,1564666,80.32,33.35,113.67,72.65
2026-03-03,shopify_orders,commerce,production,2019484,92.0,37.28,129.28,64.02
2026-03-03,subscription_events,growth,production,2317333,95.85,42.6,138.45,59.75
2026-03-03,warehouse_inventory,operations,production,1140141,71.52,23.49,95.0,83.32
2026-03-03,zendesk_tickets,support,production,336073,44.45,15.22,59.67,177.55
2026-03-04,google_ads,marketing,production,757347,56.32,19.06,75.38,99.53
2026-03-04,meta_ads,marketing,production,898438,61.52,19.78,81.3,90.49
2026-03-04,netsuite_finance,finance,production,605677,83.0,13.87,96.87,159.94
2026-03-04,product_analytics,product,production,1342102,68.89,23.89,92.79,69.14
2026-03-04,shopify_orders,commerce,production,1859009,84.69,34.67,119.36,64.21
2026-03-04,subscription_events,growth,production,2229014,92.2,38.4,130.6,58.59
2026-03-04,warehouse_inventory,operations,production,1116425,70.03,22.97,93.0,83.3
2026-03-04,zendesk_tickets,support,production,336302,44.48,10.21,54.69,162.62
2026-03-05,google_ads,marketing,production,766246,56.98,16.57,73.54,95.97
2026-03-05,meta_ads,marketing,production,1053048,72.11,20.82,92.93,88.25
2026-03-05,netsuite_finance,finance,production,662527,90.79,19.68,110.47,166.74
2026-03-05,product_analytics,product,production,1569220,80.55,27.04,107.6,68.57
2026-03-05,shopify_orders,commerce,production,1590040,72.44,33.26,105.69,66.47
2026-03-05,subscription_events,growth,production,2017031,83.43,35.95,119.39,59.19
2026-03-05,warehouse_inventory,operations,production,1094302,68.64,25.13,93.78,85.7
2026-03-05,zendesk_tickets,support,production,250331,33.11,15.21,48.32,193.02
2026-03-06,google_ads,marketing,production,865490,64.36,24.04,88.4,102.14
2026-03-06,meta_ads,marketing,production,1004372,68.78,20.22,89.0,88.61
2026-03-06,netsuite_finance,finance,production,617625,84.64,14.64,99.28,160.74
2026-03-06,product_analytics,product,production,1589601,81.6,30.54,112.14,70.55
2026-03-06,shopify_orders,commerce,production,1982266,90.3,36.43,126.73,63.93
2026-03-06,subscription_events,growth,production,2536709,104.93,45.8,150.73,59.42
2026-03-06,warehouse_inventory,operations,production,1263961,79.28,25.44,104.73,82.86
2026-03-06,zendesk_tickets,support,production,298826,39.52,15.06,54.58,182.65
2026-03-07,google_ads,marketing,production,587521,43.69,15.27,58.96,100.35
2026-03-07,meta_ads,marketing,production,758764,51.96,15.94,67.89,89.47
2026-03-07,netsuite_finance,finance,production,378108,51.81,10.88,62.7,165.83
2026-03-07,product_analytics,product,production,1255856,64.47,27.92,92.39,73.57
2026-03-07,shopify_orders,commerce,production,1494538,68.08,27.19,95.27,63.75
2026-03-07,subscription_events,growth,production,1912479,79.11,36.32,115.43,60.36
2026-03-07,warehouse_inventory,operations,production,820057,51.44,22.39,73.83,90.03
2026-03-07,zendesk_tickets,support,production,253880,33.58,12.66,46.24,182.13
2026-03-08,google_ads,marketing,production,685709,50.99,17.98,68.97,100.58
2026-03-08,meta_ads,marketing,production,827758,56.68,18.96,75.64,91.38
2026-03-08,netsuite_finance,finance,production,458383,62.82,17.78,80.6,175.84
2026-03-08,product_analytics,product,production,1232274,63.26,22.99,86.24,69.98
2026-03-08,shopify_orders,commerce,production,1561452,71.13,29.43,100.56,64.4
2026-03-08,subscription_events,growth,production,1704319,70.5,32.35,102.85,60.35
2026-03-08,warehouse_inventory,operations,production,886766,55.62,23.37,78.99,89.08
2026-03-08,zendesk_tickets,support,production,270764,35.81,14.75,50.57,186.77
2026-03-09,google_ads,marketing,production,868631,64.59,18.5,83.09,95.66
2026-03-09,meta_ads,marketing,production,963425,65.97,19.73,85.7,88.95
2026-03-09,netsuite_finance,finance,production,586498,80.37,15.36,95.74,163.24
2026-03-09,product_analytics,product,production,1587080,81.47,34.09,115.56,72.81
2026-03-09,shopify_orders,commerce,production,1867805,85.09,37.57,122.66,65.67
2026-03-09,subscription_events,growth,production,2340143,96.8,42.68,139.48,59.6
2026-03-09,warehouse_inventory,operations,production,1022888,64.16,19.37,83.53,81.66
2026-03-09,zendesk_tickets,support,production,319519,42.26,15.97,58.22,182.21
2026-03-10,google_ads,marketing,production,667392,49.63,21.09,70.71,105.95
2026-03-10,meta_ads,marketing,production,942650,64.55,24.52,89.07,94.49
2026-03-10,netsuite_finance,finance,production,594193,81.43,18.45,99.87,168.08
2026-03-10,product_analytics,product,production,1422977,73.05,26.94,99.99,70.27
2026-03-10,shopify_orders,commerce,production,2068314,94.22,37.3,131.52,63.59
2026-03-10,subscription_events,growth,production,2338253,96.72,44.52,141.24,60.4
2026-03-10,warehouse_inventory,operations,production,1047459,65.7,23.54,89.24,85.2
2026-03-10,zendesk_tickets,support,production,316630,41.88,15.5,57.38,181.22
2026-03-11,google_ads,marketing,production,737208,54.82,20.76,75.58,102.52
2026-03-11,meta_ads,marketing,production,931368,63.78,18.91,82.68,88.77
2026-03-11,netsuite_finance,finance,production,574857,78.78,19.89,98.67,171.64
2026-03-11,product_analytics,product,production,1493514,76.67,32.38,109.05,73.02
2026-03-11,shopify_orders,commerce,production,2139167,97.45,40.2,137.65,64.35
2026-03-11,subscription_events,growth,production,2520192,104.24,44.17,148.42,58.89
2026-03-11,warehouse_inventory,operations,production,1194620,74.94,27.28,102.22,85.57
2026-03-11,zendesk_tickets,support,production,311480,41.2,16.26,57.46,184.47
2026-03-12,google_ads,marketing,production,753165,56.0,20.27,76.28,101.28
2026-03-12,meta_ads,marketing,production,841306,57.61,17.12,74.73,88.83
2026-03-12,netsuite_finance,finance,production,531075,72.78,17.61,90.39,170.2
2026-03-12,product_analytics,product,production,1518306,77.94,26.29,104.23,68.65
2026-03-12,shopify_orders,commerce,production,1992055,90.75,33.15,123.9,62.2
2026-03-12,subscription_events,growth,production,2196912,90.87,40.11,130.98,59.62
2026-03-12,warehouse_inventory,operations,production,1213126,76.1,22.33,98.42,81.13
2026-03-12,zendesk_tickets,support,production,289857,38.34,14.47,52.81,182.19
2026-03-13,google_ads,marketing,production,792203,58.91,20.79,79.7,100.61
2026-03-13,meta_ads,marketing,production,998228,68.36,21.78,90.14,90.3
2026-03-13,netsuite_finance,finance,production,634294,86.92,19.85,106.78,168.34
2026-03-13,product_analytics,product,production,1549607,79.55,28.01,107.55,69.4
2026-03-13,shopify_orders,commerce,production,1924445,87.67,36.68,124.35,64.62
2026-03-13,subscription_events,growth,production,2251911,93.15,38.45,131.6,58.44
2026-03-13,warehouse_inventory,operations,production,1117760,70.11,24.78,94.89,84.89
2026-03-13,zendesk_tickets,support,production,299525,39.61,15.16,54.78,182.89
2026-03-14,google_ads,marketing,production,774380,57.58,17.92,75.5,97.5
2026-03-14,meta_ads,marketing,production,702802,48.13,20.49,68.62,97.64
2026-03-14,netsuite_finance,finance,production,486023,66.6,18.79,85.39,175.69
2026-03-14,product_analytics,product,production,1469364,75.43,26.51,101.94,69.38
2026-03-14,shopify_orders,commerce,production,1615933,73.61,30.02,103.63,64.13
2026-03-14,subscription_events,growth,production,1916093,79.26,38.23,117.49,61.32
2026-03-14,warehouse_inventory,operations,production,856180,53.71,21.15,74.86,87.43
2026-03-14,zendesk_tickets,support,production,259959,34.38,9.6,43.98,169.18
2026-03-15,google_ads,marketing,production,628046,46.7,18.23,64.94,103.4
2026-03-15,meta_ads,marketing,production,827323,56.65,16.71,73.36,88.67
2026-03-15,netsuite_finance,finance,production,406095,55.65,15.95,71.6,176.31
2026-03-15,product_analytics,product,production,1135435,58.29,27.26,85.55,75.35
2026-03-15,shopify_orders,commerce,production,1744331,79.46,29.89,109.35,62.69
2026-03-15,subscription_events,growth,production,1883326,77.9,33.01,110.91,58.89
2026-03-15,warehouse_inventory,operations,production,883335,55.41,19.36,74.77,84.65
2026-03-15,zendesk_tickets,support,production,291293,38.53,12.02,50.55,173.54
2026-03-16,google_ads,marketing,production,776331,57.73,17.56,75.29,96.98
2026-03-16,meta_ads,marketing,production,1024420,70.15,23.92,94.07,91.83
2026-03-16,netsuite_finance,finance,production,669338,91.72,18.3,110.03,164.39
2026-03-16,product_analytics,product,production,1725485,88.57,33.88,122.45,70.97
2026-03-16,shopify_orders,commerce,production,1818671,82.85,35.66,118.51,65.16
2026-03-16,subscription_events,growth,production,2455242,101.56,42.71,144.26,58.76
2026-03-16,warehouse_inventory,operations,production,1190395,74.67,27.15,101.82,85.53
2026-03-16,zendesk_tickets,support,production,346431,45.82,10.94,56.76,163.84
2026-03-17,google_ads,marketing,production,792924,58.96,22.79,81.75,103.1
2026-03-17,meta_ads,marketing,production,1026022,70.26,20.08,90.34,88.05
2026-03-17,netsuite_finance,finance,production,609106,83.47,20.25,103.72,170.28
2026-03-17,product_analytics,product,production,1470808,75.5,29.2,104.71,71.19
2026-03-17,shopify_orders,commerce,production,1833156,83.51,31.96,115.47,62.99
2026-03-17,subscription_events,growth,production,1913086,79.13,32.24,111.37,58.21
2026-03-17,warehouse_inventory,operations,production,1086275,68.14,20.5,88.63,81.59
2026-03-17,zendesk_tickets,support,production,334055,44.18,12.71,56.89,170.3
2026-03-18,google_ads,marketing,production,886810,65.94,22.3,88.25,99.51
2026-03-18,meta_ads,marketing,production,894713,61.27,20.22,81.49,91.08
2026-03-18,netsuite_finance,finance,production,559703,76.7,15.75,92.45,165.18
2026-03-18,product_analytics,product,production,1556017,79.88,30.21,110.09,70.75
2026-03-18,shopify_orders,commerce,production,2055563,93.64,34.13,127.78,62.16
2026-03-18,subscription_events,growth,production,2138789,88.47,34.95,123.42,57.71
2026-03-18,warehouse_inventory,operations,production,1158213,72.65,22.0,94.65,81.72
2026-03-18,zendesk_tickets,support,production,304425,40.26,11.38,51.64,169.63
2026-03-19,google_ads,marketing,production,817118,60.76,18.7,79.46,97.24
2026-03-19,meta_ads,marketing,production,945231,64.73,24.12,88.85,94.0
2026-03-19,netsuite_finance,finance,production,530367,72.68,14.02,86.7,163.47
2026-03-19,product_analytics,product,production,1635959,83.98,28.96,112.94,69.04
2026-03-19,shopify_orders,commerce,production,1676639,76.38,31.49,107.87,64.34
2026-03-19,subscription_events,growth,production,2122928,87.81,37.95,125.76,59.24
2026-03-19,warehouse_inventory,operations,production,1185320,74.35,28.11,102.46,86.44
2026-03-19,zendesk_tickets,support,production,271157,35.86,12.16,48.02,177.09
2026-03-20,google_ads,marketing,production,872057,64.85,17.43,82.27,94.34
2026-03-20,meta_ads,marketing,production,992162,67.94,18.96,86.9,87.59
2026-03-20,netsuite_finance,finance,production,613314,84.05,17.57,101.62,165.69
2026-03-20,product_analytics,product,production,1798235,92.31,31.31,123.62,68.75
2026-03-20,shopify_orders,commerce,production,1979777,90.19,33.68,123.87,62.57
2026-03-20,subscription_events,growth,production,2341342,96.85,43.75,140.6,60.05
2026-03-20,warehouse_inventory,operations,production,1073089,67.31,25.97,93.28,86.93
2026-03-20,zendesk_tickets,support,production,287697,38.05,13.37,51.42,178.73
2026-03-21,google_ads,marketing,production,624943,46.47,17.97,64.44,103.11
2026-03-21,meta_ads,marketing,production,798538,54.68,22.61,77.29,96.79
2026-03-21,netsuite_finance,finance,production,435962,59.74,13.33,73.08,167.63
2026-03-21,product_analytics,product,production,1373046,70.48,24.77,95.25,69.37
2026-03-21,shopify_orders,commerce,production,1517498,69.13,32.23,101.36,66.79
2026-03-21,subscription_events,growth,production,2086729,86.31,37.11,123.43,59.15
2026-03-21,warehouse_inventory,operations,production,999718,62.71,23.2,85.91,85.93
2026-03-21,zendesk_tickets,support,production,304836,40.32,11.8,52.12,170.98
2026-03-22,google_ads,marketing,production,612204,45.52,18.53,64.05,104.62
2026-03-22,meta_ads,marketing,production,803768,55.04,17.41,72.45,90.14
2026-03-22,netsuite_finance,finance,production,477810,65.48,15.85,81.32,170.19
2026-03-22,product_analytics,product,production,1308222,67.16,30.26,97.41,74.46
2026-03-22,shopify_orders,commerce,production,1602732,73.01,29.86,102.88,64.19
2026-03-22,subscription_events,growth,production,1753429,72.53,30.76,103.29,58.91
2026-03-22,warehouse_inventory,operations,production,955900,59.96,19.39,79.35,83.01
2026-03-22,zendesk_tickets,support,production,304048,40.21,11.48,51.69,170.01
2026-03-23,google_ads,marketing,production,827509,61.53,22.87,84.4,101.99
2026-03-23,meta_ads,marketing,production,1106673,75.78,24.59,100.37,90.7
2026-03-23,netsuite_finance,finance,production,525931,72.07,14.28,86.35,164.19
2026-03-23,product_analytics,product,production,1376935,70.68,24.4,95.09,69.06
2026-03-23,shopify_orders,commerce,production,1900673,86.59,31.73,118.31,62.25
2026-03-23,subscription_events,growth,production,2421412,100.16,43.55,143.7,59.35
2026-03-23,warehouse_inventory,operations,production,1100753,69.05,24.57,93.62,85.05
2026-03-23,zendesk_tickets,support,production,329689,43.6,13.37,56.97,172.8
2026-03-24,google_ads,marketing,production,775275,57.65,19.73,77.38,99.81
2026-03-24,meta_ads,marketing,production,1051418,72.0,21.5,93.49,88.92
2026-03-24,netsuite_finance,finance,production,628375,86.11,17.77,103.88,165.32
2026-03-24,product_analytics,product,production,1567674,80.47,32.52,112.99,72.07
2026-03-24,shopify_orders,commerce,production,2052806,93.52,35.36,128.87,62.78
2026-03-24,subscription_events,growth,production,2278765,94.26,40.5,134.76,59.14
2026-03-24,warehouse_inventory,operations,production,1155743,72.5,28.06,100.56,87.01
2026-03-24,zendesk_tickets,support,production,337474,44.63,14.47,59.1,175.12
2026-03-25,google_ads,marketing,production,803688,59.76,21.03,80.79,100.52
2026-03-25,meta_ads,marketing,production,931367,63.78,24.27,88.05,94.54
2026-03-25,netsuite_finance,finance,production,552989,75.78,14.14,89.92,162.61
2026-03-25,product_analytics,product,production,1597295,81.99,30.98,112.98,70.73
2026-03-25,shopify_orders,commerce,production,1948589,88.77,35.14,123.91,63.59
2026-03-25,subscription_events,growth,production,2010905,83.18,39.3,122.48,60.91
2026-03-25,warehouse_inventory,operations,production,1066786,66.92,23.22,90.14,84.5
2026-03-25,zendesk_tickets,support,production,336092,44.45,16.44,60.89,181.17
2026-03-26,google_ads,marketing,production,759436,56.47,21.96,78.43,103.27
2026-03-26,meta_ads,marketing,production,1007568,69.0,23.1,92.09,91.4
2026-03-26,netsuite_finance,finance,production,560290,76.78,14.27,91.06,162.52
2026-03-26,product_analytics,product,production,1805237,92.67,36.49,129.16,71.55
2026-03-26,shopify_orders,commerce,production,2088820,95.16,39.36,134.52,64.4
2026-03-26,subscription_events,growth,production,2674246,110.62,45.08,155.7,58.22
2026-03-26,warehouse_inventory,operations,production,1331185,83.5,23.8,107.3,80.6
2026-03-26,zendesk_tickets,support,production,311097,41.15,14.94,56.09,180.3
2026-03-27,google_ads,marketing,production,786487,58.48,20.22,78.71,100.08
2026-03-27,meta_ads,marketing,production,1213170,83.08,26.05,109.13,89.95
2026-03-27,netsuite_finance,finance,production,614174,84.16,16.24,100.4,163.47
2026-03-27,product_analytics,product,production,1365170,70.08,30.8,100.88,73.9
2026-03-27,shopify_orders,commerce,production,1935479,88.17,34.33,122.5,63.29
2026-03-27,subscription_events,growth,production,2401694,99.34,43.42,142.76,59.44
2026-03-27,warehouse_inventory,operations,production,1195751,75.01,22.66,97.66,81.67
2026-03-27,zendesk_tickets,support,production,321130,42.47,12.77,55.24,172.02
2026-03-28,google_ads,marketing,production,646350,48.06,15.46,63.53,98.29
2026-03-28,meta_ads,marketing,production,800667,54.83,22.38,77.2,96.42
2026-03-28,netsuite_finance,finance,production,451319,61.85,13.13,74.98,166.14
2026-03-28,product_analytics,product,production,1125128,57.76,21.53,79.28,70.46
2026-03-28,shopify_orders,commerce,production,1457531,66.4,26.1,92.5,63.46
2026-03-28,subscription_events,growth,production,2027527,83.87,37.95,121.82,60.08
2026-03-28,warehouse_inventory,operations,production,981642,61.58,22.11,83.69,85.26
2026-03-28,zendesk_tickets,support,production,243699,32.23,12.07,44.3,181.78
2026-03-29,google_ads,marketing,production,694128,51.61,21.61,73.22,105.48
2026-03-29,meta_ads,marketing,production,798850,54.7,22.32,77.02,96.41
2026-03-29,netsuite_finance,finance,production,433806,59.45,12.04,71.49,164.8
2026-03-29,product_analytics,product,production,1230644,63.17,26.03,89.2,72.48
2026-03-29,shopify_orders,commerce,production,1573731,71.69,29.1,100.79,64.05
2026-03-29,subscription_events,growth,production,1564002,64.69,32.82,97.51,62.35
2026-03-29,warehouse_inventory,operations,production,1052494,66.02,23.61,89.63,85.16
2026-03-29,zendesk_tickets,support,production,248675,32.89,15.15,48.04,193.18
2026-03-30,google_ads,marketing,production,791099,58.83,21.22,80.05,101.19
2026-03-30,meta_ads,marketing,production,959946,65.74,24.4,90.14,93.9
2026-03-30,netsuite_finance,finance,production,593798,81.37,18.63,100.01,168.42
2026-03-30,product_analytics,product,production,1575504,80.88,27.76,108.64,68.96
2026-03-30,shopify_orders,commerce,production,1864216,84.93,32.87,117.8,63.19
2026-03-30,subscription_events,growth,production,2240793,92.69,37.22,129.9,57.97
2026-03-30,warehouse_inventory,operations,production,1162243,72.9,22.72,95.62,82.27
2026-03-30,zendesk_tickets,support,production,343099,45.38,12.4,57.78,168.41
2026-03-31,google_ads,marketing,production,869051,64.62,18.88,83.51,96.09
2026-03-31,meta_ads,marketing,production,928550,63.59,20.89,84.48,90.98
2026-03-31,netsuite_finance,finance,production,639802,87.68,17.67,105.35,164.66
2026-03-31,product_analytics,product,production,1618746,83.1,33.1,116.2,71.78
2026-03-31,shopify_orders,commerce,production,1935376,88.17,38.02,126.19,65.2
2026-03-31,subscription_events,growth,production,2297014,95.01,43.74,138.75,60.4
2026-03-31,warehouse_inventory,operations,production,1296871,81.35,24.87,106.22,81.9
2026-03-31,zendesk_tickets,support,production,356130,47.1,15.95,63.05,177.04
2026-04-01,google_ads,marketing,production,820674,61.02,17.41,78.44,95.58
2026-04-01,meta_ads,marketing,production,972596,66.6,22.37,88.97,91.48
2026-04-01,netsuite_finance,finance,production,628768,86.16,20.48,106.64,169.6
2026-04-01,product_analytics,product,production,1719471,88.27,29.91,118.17,68.72
2026-04-01,shopify_orders,commerce,production,1903420,86.71,35.08,121.79,63.98
2026-04-01,subscription_events,growth,production,2152422,89.03,36.91,125.94,58.51
2026-04-01,warehouse_inventory,operations,production,1205232,75.6,25.75,101.36,84.1
2026-04-01,zendesk_tickets,support,production,332097,43.92,16.32,60.24,181.39
2026-04-02,google_ads,marketing,production,854306,63.53,20.68,84.21,98.57
2026-04-02,meta_ads,marketing,production,1022541,70.02,22.57,92.59,90.55
2026-04-02,netsuite_finance,finance,production,595503,81.61,18.53,100.13,168.14
2026-04-02,product_analytics,product,production,1522120,78.14,28.71,106.84,70.19
2026-04-02,shopify_orders,commerce,production,1960224,89.3,34.69,123.99,63.25
2026-04-02,subscription_events,growth,production,2442865,101.05,41.59,142.64,58.39
2026-04-02,warehouse_inventory,operations,production,1026776,64.41,20.45,84.85,82.64
2026-04-02,zendesk_tickets,support,production,340690,45.06,16.69,61.75,181.25
2026-04-03,google_ads,marketing,production,938606,69.79,24.61,94.4,100.57
2026-04-03,meta_ads,marketing,production,987201,67.6,24.38,91.98,93.17
2026-04-03,netsuite_finance,finance,production,577980,79.2,20.05,99.25,171.72
2026-04-03,product_analytics,product,production,1575656,80.88,31.49,112.37,71.32
2026-04-03,shopify_orders,commerce,production,1861632,84.81,35.42,120.23,64.58
2026-04-03,subscription_events,growth,production,2524723,104.43,41.25,145.68,57.7
2026-04-03,warehouse_inventory,operations,production,1157868,72.63,21.64,94.27,81.42
2026-04-03,zendesk_tickets,support,production,307681,40.69,13.78,54.47,177.03
2026-04-04,google_ads,marketing,production,744120,55.33,20.04,75.37,101.29
2026-04-04,meta_ads,marketing,production,749755,51.34,20.58,71.92,95.92
2026-04-04,netsuite_finance,finance,production,492277,67.46,14.29,81.75,166.07
2026-04-04,product_analytics,product,production,1182330,60.69,27.8,88.49,74.84
2026-04-04,shopify_orders,commerce,production,1612351,73.45,34.03,107.48,66.66
2026-04-04,subscription_events,growth,production,1992640,82.42,33.18,115.6,58.01
2026-04-04,warehouse_inventory,operations,production,985788,61.84,23.55,85.38,86.61
2026-04-04,zendesk_tickets,support,production,244090,32.28,11.73,44.01,180.3
2026-04-05,google_ads,marketing,production,780537,58.04,21.1,79.14,101.39
2026-04-05,meta_ads,marketing,production,864412,59.19,23.73,82.93,95.94
2026-04-05,netsuite_finance,finance,production,503667,69.02,15.61,84.63,168.03
2026-04-05,product_analytics,product,production,1281862,65.8,26.03,91.83,71.64
2026-04-05,shopify_orders,commerce,production,1551552,70.68,31.34,102.02,65.75
2026-04-05,subscription_events,growth,production,1931755,79.9,34.44,114.35,59.19
2026-04-05,warehouse_inventory,operations,production,979706,61.45,21.65,83.11,84.83
2026-04-05,zendesk_tickets,support,production,271167,35.86,12.73,48.59,179.19
2026-04-06,google_ads,marketing,production,887542,66.0,17.56,83.56,94.15
2026-04-06,meta_ads,marketing,production,1040442,71.25,24.15,95.4,91.69
2026-04-06,netsuite_finance,finance,production,559634,76.69,18.86,95.55,170.74
2026-04-06,product_analytics,product,production,1574396,80.82,29.03,109.85,69.77
2026-04-06,shopify_orders,commerce,production,1938675,88.32,32.78,121.1,62.47
2026-04-06,subscription_events,growth,production,2378229,98.37,40.22,138.59,58.27
2026-04-06,warehouse_inventory,operations,production,1091642,68.48,24.96,93.43,85.59
2026-04-06,zendesk_tickets,support,production,302893,40.06,10.63,50.69,167.35
2026-04-07,google_ads,marketing,production,707906,52.64,21.58,74.22,104.84
2026-04-07,meta_ads,marketing,production,1022243,70.0,23.11,93.11,91.08
2026-04-07,netsuite_finance,finance,production,581917,79.74,15.39,95.13,163.48
2026-04-07,product_analytics,product,production,1552976,79.72,32.87,112.59,72.5
2026-04-07,shopify_orders,commerce,production,1989862,90.65,39.23,129.88,65.27
2026-04-07,subscription_events,growth,production,2282600,94.42,37.12,131.54,57.63
2026-04-07,warehouse_inventory,operations,production,1291422,81.01,25.88,106.89,82.77
2026-04-07,zendesk_tickets,support,production,279536,36.97,10.7,47.67,170.53
2026-04-08,google_ads,marketing,production,781496,58.11,19.75,77.86,99.63
2026-04-08,meta_ads,marketing,production,1052858,72.1,25.72,97.82,92.91
2026-04-08,netsuite_finance,finance,production,549448,75.29,14.4,89.7,163.25
2026-04-08,product_analytics,product,production,1468038,75.36,30.91,106.26,72.38
2026-04-08,shopify_orders,commerce,production,2086232,95.04,37.31,132.35,63.44
2026-04-08,subscription_events,growth,production,2204073,91.17,42.7,133.87,60.74
2026-04-08,warehouse_inventory,operations,production,1139249,71.46,27.42,98.88,86.79
2026-04-08,zendesk_tickets,support,production,352080,46.57,14.35,60.92,173.03
2026-04-09,google_ads,marketing,production,852182,63.37,18.96,82.32,96.6
2026-04-09,meta_ads,marketing,production,891292,61.03,19.16,80.19,89.97
2026-04-09,netsuite_finance,finance,production,576691,79.03,14.61,93.63,162.36
2026-04-09,product_analytics,product,production,1490308,76.5,31.45,107.95,72.43
2026-04-09,shopify_orders,commerce,production,1960712,89.32,35.81,125.14,63.82
2026-04-09,subscription_events,growth,production,2262011,93.57,36.72,130.29,57.6
2026-04-09,warehouse_inventory,operations,production,1147753,72.0,27.09,99.09,86.33
2026-04-09,zendesk_tickets,support,production,337896,44.69,13.83,58.52,173.19
2026-04-10,google_ads,marketing,production,829139,61.65,23.6,85.25,102.82
2026-04-10,meta_ads,marketing,production,980378,67.13,19.54,86.67,88.4
2026-04-10,netsuite_finance,finance,production,641843,87.96,18.32,106.28,165.59
2026-04-10,product_analytics,product,production,1675038,85.99,30.34,116.33,69.45
2026-04-10,shopify_orders,commerce,production,2157891,98.3,36.18,134.48,62.32
2026-04-10,subscription_events,growth,production,2423021,100.22,39.89,140.11,57.82
2026-04-10,warehouse_inventory,operations,production,1137417,71.35,27.79,99.14,87.16
2026-04-10,zendesk_tickets,support,production,312339,41.31,10.45,51.76,165.72
2026-04-11,google_ads,marketing,production,726489,54.02,18.14,72.16,99.33
2026-04-11,meta_ads,marketing,production,731209,50.07,21.06,71.14,97.29
2026-04-11,netsuite_finance,finance,production,508049,69.62,16.68,86.3,169.87
2026-04-11,product_analytics,product,production,1381244,70.9,31.17,102.08,73.9
2026-04-11,shopify_orders,commerce,production,1611445,73.41,32.2,105.61,65.54
2026-04-11,subscription_events,growth,production,1943544,80.39,32.88,113.27,58.28
2026-04-11,warehouse_inventory,operations,production,928628,58.25,25.0,83.25,89.65
2026-04-11,zendesk_tickets,support,production,262942,34.78,12.19,46.96,178.59
2026-04-12,google_ads,marketing,production,720348,53.56,17.56,71.12,98.73
2026-04-12,meta_ads,marketing,production,855433,58.58,17.34,75.91,88.74
2026-04-12,netsuite_finance,finance,production,451389,61.86,14.24,76.09,168.57
2026-04-12,product_analytics,product,production,1309276,67.21,24.34,91.55,69.92
2026-04-12,shopify_orders,commerce,production,1749017,79.68,32.71,112.39,64.26
2026-04-12,subscription_events,growth,production,1915690,79.24,35.26,114.5,59.77
2026-04-12,warehouse_inventory,operations,production,1039383,65.2,24.79,89.99,86.58
2026-04-12,zendesk_tickets,support,production,290034,38.36,14.89,53.24,183.56
2026-04-13,google_ads,marketing,production,783693,58.27,16.34,74.62,95.22
2026-04-13,meta_ads,marketing,production,971332,66.52,22.34,88.85,91.47
2026-04-13,netsuite_finance,finance,production,575643,78.88,13.3,92.19,160.15
2026-04-13,product_analytics,product,production,1371732,70.42,29.97,100.38,73.18
2026-04-13,shopify_orders,commerce,production,1964932,89.51,33.18,122.7,62.44
2026-04-13,subscription_events,growth,production,2369812,98.02,39.21,137.23,57.91
2026-04-13,warehouse_inventory,operations,production,1169533,73.36,27.14,100.5,85.93
2026-04-13,zendesk_tickets,support,production,336490,44.5,12.77,57.27,170.2
2026-04-14,google_ads,marketing,production,929278,69.1,19.81,88.91,95.68
2026-04-14,meta_ads,marketing,production,1103063,75.54,23.2,98.74,89.51
2026-04-14,netsuite_finance,finance,production,586823,80.42,16.47,96.88,165.09
2026-04-14,product_analytics,product,production,1713944,87.98,29.6,117.58,68.6
2026-04-14,shopify_orders,commerce,production,1916936,87.33,37.57,124.9,65.16
2026-04-14,subscription_events,growth,production,2292713,94.83,42.36,137.19,59.84
2026-04-14,warehouse_inventory,operations,production,987137,61.92,20.35,82.27,83.34
2026-04-14,zendesk_tickets,support,production,337724,44.67,13.26,57.92,171.5
2026-04-15,google_ads,marketing,production,909576,67.64,18.69,86.33,94.91
2026-04-15,meta_ads,marketing,production,1077902,73.81,22.88,96.69,89.7
2026-04-15,netsuite_finance,finance,production,592176,81.15,19.42,100.57,169.83
2026-04-15,product_analytics,product,production,1586953,81.46,29.24,110.7,69.76
2026-04-15,shopify_orders,commerce,production,1901262,86.61,32.85,119.46,62.83
2026-04-15,subscription_events,growth,production,2138310,88.45,36.48,124.93,58.42
2026-04-15,warehouse_inventory,operations,production,1328523,83.33,29.71,113.04,85.09
2026-04-15,zendesk_tickets,support,production,322957,42.71,12.66,55.38,171.48
2026-04-16,google_ads,marketing,production,964025,71.68,18.68,90.37,93.74
2026-04-16,meta_ads,marketing,production,937023,64.17,23.92,88.08,94.0
2026-04-16,netsuite_finance,finance,production,503810,69.04,13.87,82.92,164.59
2026-04-16,product_analytics,product,production,1651405,84.77,30.01,114.79,69.51
2026-04-16,shopify_orders,commerce,production,1738281,79.19,33.3,112.49,64.71
2026-04-16,subscription_events,growth,production,2107879,87.19,38.44,125.63,59.6
2026-04-16,warehouse_inventory,operations,production,1108046,69.5,25.82,95.32,86.03
2026-04-16,zendesk_tickets,support,production,328324,43.42,13.81,57.23,174.31
2026-04-17,google_ads,marketing,production,890554,66.22,17.48,83.7,93.99
2026-04-17,meta_ads,marketing,production,1067080,73.07,24.68,97.75,91.61
2026-04-17,netsuite_finance,finance,production,604728,82.87,14.67,97.54,161.3
2026-04-17,product_analytics,product,production,1726983,88.65,30.68,119.34,69.1
2026-04-17,shopify_orders,commerce,production,2023430,92.18,35.53,127.71,63.12
2026-04-17,subscription_events,growth,production,2579200,106.69,47.66,154.34,59.84
2026-04-17,warehouse_inventory,operations,production,1186321,74.41,24.9,99.31,83.71
2026-04-17,zendesk_tickets,support,production,303018,40.08,15.5,55.58,183.42
2026-04-18,google_ads,marketing,production,642535,47.78,15.44,63.22,98.39
2026-04-18,meta_ads,marketing,production,765997,52.45,17.22,69.68,90.97
2026-04-18,netsuite_finance,finance,production,479472,65.71,17.73,83.44,174.02
2026-04-18,product_analytics,product,production,1372124,70.44,28.48,98.92,72.09
2026-04-18,shopify_orders,commerce,production,1847429,84.16,32.23,116.39,63.0
2026-04-18,subscription_events,growth,production,1838674,76.05,33.24,109.3,59.45
2026-04-18,warehouse_inventory,operations,production,934492,58.62,20.61,79.23,84.78
2026-04-18,zendesk_tickets,support,production,267268,35.35,9.97,45.32,169.57
2026-04-19,google_ads,marketing,production,626488,46.59,14.58,61.16,97.62
2026-04-19,meta_ads,marketing,production,780003,53.41,16.62,70.03,89.78
2026-04-19,netsuite_finance,finance,production,531782,72.87,17.72,90.6,170.37
2026-04-19,product_analytics,product,production,1396452,71.68,26.82,98.5,70.54
2026-04-19,shopify_orders,commerce,production,1553238,70.76,32.96,103.72,66.78
2026-04-19,subscription_events,growth,production,2086353,86.3,34.52,120.82,57.91
2026-04-19,warehouse_inventory,operations,production,1080718,67.79,23.81,91.6,84.76
2026-04-19,zendesk_tickets,support,production,230832,30.53,9.09,39.61,171.6
2026-04-20,google_ads,marketing,production,781178,58.09,19.43,77.51,99.22
2026-04-20,meta_ads,marketing,production,1048835,71.82,20.88,92.7,88.38
2026-04-20,netsuite_finance,finance,production,555442,76.12,13.67,89.79,161.66
2026-04-20,product_analytics,product,production,1517211,77.88,28.75,106.64,70.29
2026-04-20,shopify_orders,commerce,production,1883346,85.8,35.4,121.2,64.35
2026-04-20,subscription_events,growth,production,2685947,111.1,48.67,159.77,59.48
2026-04-20,warehouse_inventory,operations,production,1254434,78.69,23.91,102.6,81.79
2026-04-20,zendesk_tickets,support,production,341215,45.13,12.56,57.69,169.07
2026-04-21,google_ads,marketing,production,738168,54.89,18.07,72.96,98.84
2026-04-21,meta_ads,marketing,production,1012351,69.32,25.66,94.98,93.82
2026-04-21,netsuite_finance,finance,production,658445,90.23,17.45,107.68,163.54
2026-04-21,product_analytics,product,production,1637453,84.06,28.59,112.64,68.79
2026-04-21,shopify_orders,commerce,production,1892162,86.2,34.51,120.71,63.79
2026-04-21,subscription_events,growth,production,2295029,94.93,39.55,134.48,58.6
2026-04-21,warehouse_inventory,operations,production,1231554,77.25,26.12,103.37,83.93
2026-04-21,zendesk_tickets,support,production,299695,39.64,12.35,51.99,173.48
2026-04-22,google_ads,marketing,production,826210,61.44,21.86,83.29,100.81
2026-04-22,meta_ads,marketing,production,1015686,69.55,20.72,90.27,88.88
2026-04-22,netsuite_finance,finance,production,621228,85.13,17.88,103.01,165.82
2026-04-22,product_analytics,product,production,1689997,86.75,32.71,119.47,70.69
2026-04-22,shopify_orders,commerce,production,1901448,86.62,36.68,123.3,64.85
2026-04-22,subscription_events,growth,production,2673299,110.58,45.17,155.75,58.26
2026-04-22,warehouse_inventory,operations,production,1259269,78.99,23.0,101.99,80.99
2026-04-22,zendesk_tickets,support,production,336816,44.55,15.5,60.05,178.29
2026-04-23,google_ads,marketing,production,841821,62.6,21.99,84.59,100.48
2026-04-23,meta_ads,marketing,production,1132074,77.52,24.79,102.31,90.37
2026-04-23,netsuite_finance,finance,production,627852,86.04,13.83,99.87,159.07
2026-04-23,product_analytics,product,production,1747535,89.71,31.36,121.06,69.27
2026-04-23,shopify_orders,commerce,production,1978419,90.13,32.97,123.1,62.22
2026-04-23,subscription_events,growth,production,2409633,99.67,41.35,141.02,58.52
2026-04-23,warehouse_inventory,operations,production,1229590,77.13,24.53,101.66,82.68
2026-04-23,zendesk_tickets,support,production,284759,37.66,12.46,50.12,176.01
2026-04-24,google_ads,marketing,production,911079,67.75,24.5,92.25,101.25
2026-04-24,meta_ads,marketing,production,849156,58.15,20.64,78.79,92.79
2026-04-24,netsuite_finance,finance,production,550192,75.4,18.85,94.25,171.3
2026-04-24,product_analytics,product,production,1341058,68.84,28.03,96.87,72.23
2026-04-24,shopify_orders,commerce,production,1912015,87.1,37.19,124.3,65.01
2026-04-24,subscription_events,growth,production,2553105,105.61,44.69,150.3,58.87
2026-04-24,warehouse_inventory,operations,production,1019355,63.94,24.95,88.89,87.2
2026-04-24,zendesk_tickets,support,production,323612,42.8,10.84,53.64,165.75
2026-04-25,google_ads,marketing,production,745743,55.45,21.3,76.76,102.93
2026-04-25,meta_ads,marketing,production,807916,55.32,17.14,72.46,89.69
2026-04-25,netsuite_finance,finance,production,553957,75.91,12.92,88.84,160.37
2026-04-25,product_analytics,product,production,1295626,66.51,25.78,92.28,71.22
2026-04-25,shopify_orders,commerce,production,1773085,80.77,32.41,113.19,63.84
2026-04-25,subscription_events,growth,production,2160783,89.38,36.39,125.77,58.21
2026-04-25,warehouse_inventory,operations,production,1019812,63.97,22.52,86.49,84.81
2026-04-25,zendesk_tickets,support,production,287986,38.09,11.16,49.25,171.02
2026-04-26,google_ads,marketing,production,620169,46.12,14.66,60.77,97.99
2026-04-26,meta_ads,marketing,production,890700,60.99,21.13,82.12,92.2
2026-04-26,netsuite_finance,finance,production,448143,61.41,17.91,79.32,177.0
2026-04-26,product_analytics,product,production,1420791,72.93,30.99,103.92,73.14
2026-04-26,shopify_orders,commerce,production,1434329,65.34,25.36,90.7,63.24
2026-04-26,subscription_events,growth,production,2262793,93.6,37.24,130.84,57.82
2026-04-26,warehouse_inventory,operations,production,1013035,63.54,24.85,88.39,87.25
2026-04-26,zendesk_tickets,support,production,295396,39.07,11.54,50.61,171.33
2026-04-27,google_ads,marketing,production,825604,61.39,23.51,84.9,102.83
2026-04-27,meta_ads,marketing,production,1046368,71.65,19.9,91.55,87.49
2026-04-27,netsuite_finance,finance,production,562397,77.07,14.99,92.06,163.69
2026-04-27,product_analytics,product,production,1696716,87.1,34.6,121.7,71.73
2026-04-27,shopify_orders,commerce,production,1951792,88.91,35.33,124.24,63.65
2026-04-27,subscription_events,growth,production,2526638,104.51,46.24,150.75,59.66
2026-04-27,warehouse_inventory,operations,production,1202277,75.42,22.15,97.56,81.15
2026-04-27,zendesk_tickets,support,production,400801,53.01,10.89,63.9,159.43
2026-04-28,google_ads,marketing,production,844105,62.77,19.93,82.7,97.97
2026-04-28,meta_ads,marketing,production,976342,66.86,22.64,89.5,91.67
2026-04-28,netsuite_finance,finance,production,634241,86.91,15.2,102.12,161.01
2026-04-28,product_analytics,product,production,1773894,91.06,35.64,126.7,71.42
2026-04-28,shopify_orders,commerce,production,2055188,93.63,37.52,131.14,63.81
2026-04-28,subscription_events,growth,production,2668888,110.39,48.44,158.83,59.51
2026-04-28,warehouse_inventory,operations,production,1247827,78.27,29.22,107.49,86.14
2026-04-28,zendesk_tickets,support,production,365494,48.34,16.9,65.24,178.5
2026-04-29,google_ads,marketing,production,884983,65.81,21.21,87.02,98.33
2026-04-29,meta_ads,marketing,production,893720,61.2,18.4,79.6,89.07
2026-04-29,netsuite_finance,finance,production,662287,90.76,19.21,109.96,166.03
2026-04-29,product_analytics,product,production,1668301,85.64,28.98,114.62,68.7
2026-04-29,shopify_orders,commerce,production,2111536,96.19,40.46,136.65,64.72
2026-04-29,subscription_events,growth,production,2399676,99.26,41.13,140.39,58.5
2026-04-29,warehouse_inventory,operations,production,953614,59.82,21.55,81.36,85.32
2026-04-29,zendesk_tickets,support,production,346915,45.88,16.15,62.03,178.8
2026-04-30,google_ads,marketing,production,957922,71.23,18.66,89.89,93.84
2026-04-30,meta_ads,marketing,production,947287,64.87,24.78,89.65,94.64
2026-04-30,netsuite_finance,finance,production,680412,93.24,16.06,109.3,160.64
2026-04-30,product_analytics,product,production,1618102,83.06,28.73,111.79,69.09
2026-04-30,shopify_orders,commerce,production,1827903,83.27,36.05,119.32,65.28
2026-04-30,subscription_events,growth,production,2175135,89.97,37.11,127.08,58.42
2026-04-30,warehouse_inventory,operations,production,1199513,75.24,28.35,103.59,86.36
2026-04-30,zendesk_tickets,support,production,354617,46.9,11.41,58.31,164.43
2026-05-01,google_ads,marketing,production,905503,67.33,22.06,89.39,98.72
2026-05-01,meta_ads,marketing,production,1071307,73.36,26.39,99.75,93.11
2026-05-01,netsuite_finance,finance,production,697620,95.6,20.82,116.42,166.88
2026-05-01,product_analytics,product,production,1784153,91.59,36.6,128.18,71.84
2026-05-01,shopify_orders,commerce,production,1918777,87.41,33.23,120.64,62.87
2026-05-01,subscription_events,growth,production,2279337,94.28,38.49,132.77,58.25
2026-05-01,warehouse_inventory,operations,production,1332617,83.59,26.09,109.68,82.3
2026-05-01,zendesk_tickets,support,production,356314,47.13,15.59,62.72,176.02
2026-05-02,google_ads,marketing,production,783150,58.23,20.54,78.77,100.58
2026-05-02,meta_ads,marketing,production,822747,56.34,17.8,74.14,90.11
2026-05-02,netsuite_finance,finance,production,524517,71.88,17.4,89.27,170.19
2026-05-02,product_analytics,product,production,1195674,61.38,25.38,86.75,72.55
2026-05-02,shopify_orders,commerce,production,1638845,74.66,33.34,108.0,65.9
2026-05-02,subscription_events,growth,production,1859565,76.92,31.79,108.7,58.45
2026-05-02,warehouse_inventory,operations,production,1055295,66.2,26.33,92.53,87.68
2026-05-02,zendesk_tickets,support,production,262400,34.7,11.72,46.42,176.91
2026-05-03,google_ads,marketing,production,769082,57.19,18.72,75.91,98.7
2026-05-03,meta_ads,marketing,production,651290,44.6,17.52,62.12,95.38
2026-05-03,netsuite_finance,finance,production,544150,74.57,17.08,91.65,168.43
2026-05-03,product_analytics,product,production,1303615,66.92,23.67,90.59,69.49
2026-05-03,shopify_orders,commerce,production,1626932,74.12,30.83,104.95,64.51
2026-05-03,subscription_events,growth,production,2228576,92.18,42.48,134.66,60.42
2026-05-03,warehouse_inventory,operations,production,1022262,64.12,26.18,90.31,88.34
2026-05-03,zendesk_tickets,support,production,289584,38.3,13.2,51.5,177.84
2026-05-04,google_ads,marketing,production,858693,63.85,23.02,86.87,101.17
2026-05-04,meta_ads,marketing,production,991285,67.88,21.88,89.76,90.55
2026-05-04,netsuite_finance,finance,production,615685,84.37,18.32,102.69,166.79
2026-05-04,product_analytics,product,production,1670628,85.76,33.54,119.3,71.41
2026-05-04,shopify_orders,commerce,production,2075155,94.53,38.59,133.12,64.15
2026-05-04,subscription_events,growth,production,2527105,104.53,46.06,150.59,59.59
2026-05-04,warehouse_inventory,operations,production,1155059,72.45,23.77,96.22,83.3
2026-05-04,zendesk_tickets,support,production,346566,45.84,12.29,58.12,167.7
2026-05-05,google_ads,marketing,production,940208,69.91,22.55,92.46,98.34
2026-05-05,meta_ads,marketing,production,887094,60.75,18.34,79.08,89.15
2026-05-05,netsuite_finance,finance,production,592934,81.25,14.08,95.33,160.78
2026-05-05,product_analytics,product,production,1737845,89.21,35.51,124.72,71.77
2026-05-05,shopify_orders,commerce,production,1796751,81.85,31.66,113.51,63.18
2026-05-05,subscription_events,growth,production,2758397,114.1,45.66,159.75,57.91
2026-05-05,warehouse_inventory,operations,production,1089130,68.32,21.33,89.65,82.31
2026-05-05,zendesk_tickets,support,production,286176,37.85,15.27,53.12,185.62
2026-05-06,google_ads,marketing,production,778603,57.9,16.93,74.83,96.11
2026-05-06,meta_ads,marketing,production,961621,65.85,20.97,86.82,90.29
2026-05-06,netsuite_finance,finance,production,599889,82.21,17.25,99.46,165.8
2026-05-06,product_analytics,product,production,1525220,78.29,32.06,110.35,72.35
2026-05-06,shopify_orders,commerce,production,2052606,93.51,38.69,132.2,64.41
2026-05-06,subscription_events,growth,production,2245454,92.88,41.91,134.79,60.03
2026-05-06,warehouse_inventory,operations,production,1125691,70.61,21.25,91.86,81.6
2026-05-06,zendesk_tickets,support,production,349592,46.24,12.05,58.29,166.74
2026-05-07,google_ads,marketing,production,890444,66.21,20.74,86.95,97.65
2026-05-07,meta_ads,marketing,production,976869,66.89,21.2,88.1,90.19
2026-05-07,netsuite_finance,finance,production,599613,82.17,15.59,97.76,163.04
2026-05-07,product_analytics,product,production,1420667,72.93,26.54,99.47,70.02
2026-05-07,shopify_orders,commerce,production,1827517,83.25,36.33,119.58,65.43
2026-05-07,subscription_events,growth,production,2551551,105.54,42.84,148.38,58.15
2026-05-07,warehouse_inventory,operations,production,1237563,77.63,23.24,100.87,81.51
2026-05-07,zendesk_tickets,support,production,358257,47.38,11.7,59.08,164.91
2026-05-08,google_ads,marketing,production,743648,55.3,22.4,77.7,104.48
2026-05-08,meta_ads,marketing,production,1126942,77.17,25.28,102.45,90.91
2026-05-08,netsuite_finance,finance,production,593699,81.36,18.85,100.21,168.79
2026-05-08,product_analytics,product,production,1750244,89.85,32.35,122.2,69.82
2026-05-08,shopify_orders,commerce,production,2039019,92.89,40.06,132.94,65.2
2026-05-08,subscription_events,growth,production,2422087,100.19,42.25,142.44,58.81
2026-05-08,warehouse_inventory,operations,production,1325981,83.18,24.13,107.31,80.93
2026-05-08,zendesk_tickets,support,production,274417,36.29,15.07,51.36,187.16
2026-05-09,google_ads,marketing,production,662668,49.28,19.83,69.1,104.28
2026-05-09,meta_ads,marketing,production,768634,52.63,16.52,69.16,89.98
2026-05-09,netsuite_finance,finance,production,550562,75.45,18.94,94.38,171.42
2026-05-09,product_analytics,product,production,1348799,69.24,26.3,95.53,70.83
2026-05-09,shopify_orders,commerce,production,1686042,76.81,32.47,109.28,64.81
2026-05-09,subscription_events,growth,production,1998131,82.65,37.22,119.87,59.99
2026-05-09,warehouse_inventory,operations,production,1070427,67.14,22.8,89.94,84.02
2026-05-09,zendesk_tickets,support,production,247875,32.78,15.43,48.22,194.53
2026-05-10,google_ads,marketing,production,675984,50.27,21.11,71.37,105.58
2026-05-10,meta_ads,marketing,production,868126,59.45,18.52,77.97,89.81
2026-05-10,netsuite_finance,finance,production,471550,64.62,12.95,77.57,164.5
2026-05-10,product_analytics,product,production,1389074,71.31,29.19,100.5,72.35
2026-05-10,shopify_orders,commerce,production,1550202,70.62,28.78,99.4,64.12
2026-05-10,subscription_events,growth,production,1994102,82.48,39.31,121.79,61.08
2026-05-10,warehouse_inventory,operations,production,1066407,66.89,25.61,92.51,86.75
2026-05-10,zendesk_tickets,support,production,276306,36.54,14.71,51.25,185.48
2026-05-11,google_ads,marketing,production,883270,65.68,20.38,86.05,97.42
2026-05-11,meta_ads,marketing,production,980290,67.13,25.48,92.6,94.46
2026-05-11,netsuite_finance,finance,production,594186,81.43,18.72,100.15,168.55
2026-05-11,product_analytics,product,production,1807687,92.79,37.27,130.06,71.95
2026-05-11,shopify_orders,commerce,production,1840624,83.85,32.42,116.27,63.17
2026-05-11,subscription_events,growth,production,2228320,92.17,36.23,128.4,57.62
2026-05-11,warehouse_inventory,operations,production,1229485,77.12,28.06,105.18,85.55
2026-05-11,zendesk_tickets,support,production,305544,40.41,11.05,51.46,168.42
2026-05-12,google_ads,marketing,production,827534,61.53,19.35,80.89,97.75
2026-05-12,meta_ads,marketing,production,1018574,69.75,24.93,94.68,92.95
2026-05-12,netsuite_finance,finance,production,647563,88.74,15.43,104.17,160.86
2026-05-12,product_analytics,product,production,1588073,81.52,34.11,115.64,72.82
2026-05-12,shopify_orders,commerce,production,2068273,94.22,35.41,129.63,62.68
2026-05-12,subscription_events,growth,production,2203437,91.14,40.34,131.49,59.67
2026-05-12,warehouse_inventory,operations,production,1189909,74.64,25.01,99.65,83.75
2026-05-12,zendesk_tickets,support,production,304991,40.34,11.87,52.21,171.19
2026-05-13,google_ads,marketing,production,804512,59.82,21.55,81.37,101.14
2026-05-13,meta_ads,marketing,production,1049962,71.9,21.42,93.32,88.88
2026-05-13,netsuite_finance,finance,production,540887,74.12,13.87,87.99,162.68
2026-05-13,product_analytics,product,production,1633389,83.85,29.73,113.58,69.54
2026-05-13,shopify_orders,commerce,production,2086657,95.06,37.04,132.1,63.31
2026-05-13,subscription_events,growth,production,2502763,103.52,46.39,149.92,59.9
2026-05-13,warehouse_inventory,operations,production,1358944,85.24,26.05,111.29,81.89
2026-05-13,zendesk_tickets,support,production,377098,49.87,13.56,63.43,168.21
2026-05-14,google_ads,marketing,production,910411,67.7,19.32,87.02,95.58
2026-05-14,meta_ads,marketing,production,1038695,71.13,26.15,97.28,93.66
2026-05-14,netsuite_finance,finance,production,571539,78.32,14.14,92.46,161.77
2026-05-14,product_analytics,product,production,1826544,93.76,36.51,130.27,71.32
2026-05-14,shopify_orders,commerce,production,1982079,90.29,34.53,124.83,62.98
2026-05-14,subscription_events,growth,production,2686979,111.14,49.04,160.18,59.61
2026-05-14,warehouse_inventory,operations,production,1238951,77.72,27.83,105.54,85.18
2026-05-14,zendesk_tickets,support,production,301572,39.89,12.02,51.9,172.1
2026-05-15,google_ads,marketing,production,821800,61.11,21.82,82.93,100.91
2026-05-15,meta_ads,marketing,production,1117275,76.51,22.78,99.29,88.87
2026-05-15,netsuite_finance,finance,production,656095,89.91,19.28,109.19,166.42
2026-05-15,product_analytics,product,production,1748987,89.78,34.73,124.51,71.19
2026-05-15,shopify_orders,commerce,production,2263729,103.13,37.05,140.17,61.92
2026-05-15,subscription_events,growth,production,2434140,100.68,44.29,144.98,59.56
2026-05-15,warehouse_inventory,operations,production,1326230,83.19,29.7,112.89,85.12
2026-05-15,zendesk_tickets,support,production,347870,46.01,15.34,61.34,176.33
2026-05-16,google_ads,marketing,production,712992,53.02,19.06,72.08,101.1
2026-05-16,meta_ads,marketing,production,753589,51.6,19.07,70.67,93.78
2026-05-16,netsuite_finance,finance,production,479137,65.66,13.43,79.09,165.07
2026-05-16,product_analytics,product,production,1423813,73.09,31.66,104.75,73.57
2026-05-16,shopify_orders,commerce,production,1602820,73.02,28.26,101.28,63.19
2026-05-16,subscription_events,growth,production,1993155,82.44,34.22,116.67,58.54
2026-05-16,warehouse_inventory,operations,production,1055377,66.2,24.52,90.72,85.96
2026-05-16,zendesk_tickets,support,production,282093,37.31,14.46,51.77,183.52
2026-05-17,google_ads,marketing,production,714644,53.14,18.32,71.46,99.99
2026-05-17,meta_ads,marketing,production,1001524,68.58,21.49,90.07,89.93
2026-05-17,netsuite_finance,finance,production,506967,69.47,18.23,87.7,172.99
2026-05-17,product_analytics,product,production,1399015,71.82,26.7,98.51,70.41
2026-05-17,shopify_orders,commerce,production,1755686,79.98,36.0,115.99,66.07
2026-05-17,subscription_events,growth,production,2017696,83.46,40.11,123.57,61.24
2026-05-17,warehouse_inventory,operations,production,1037129,65.06,25.03,90.09,86.86
2026-05-17,zendesk_tickets,support,production,311804,41.24,10.02,51.26,164.4
2026-05-18,google_ads,marketing,production,831341,61.82,16.81,78.63,94.58
2026-05-18,meta_ads,marketing,production,1113908,76.28,25.2,101.48,91.1
2026-05-18,netsuite_finance,finance,production,584136,80.05,16.65,96.7,165.54
2026-05-18,product_analytics,product,production,1672869,85.87,35.04,120.91,72.28
2026-05-18,shopify_orders,commerce,production,1994353,90.85,35.28,126.13,63.24
2026-05-18,subscription_events,growth,production,2379719,98.43,38.53,136.97,57.56
2026-05-18,warehouse_inventory,operations,production,1180450,74.05,23.96,98.01,83.03
2026-05-18,zendesk_tickets,support,production,310103,41.01,14.32,55.34,178.46
2026-05-19,google_ads,marketing,production,845042,62.84,18.34,81.18,96.07
2026-05-19,meta_ads,marketing,production,1026040,70.26,25.43,95.69,93.26
2026-05-19,netsuite_finance,finance,production,717855,98.37,16.67,115.04,160.26
2026-05-19,product_analytics,product,production,1397405,71.73,28.28,100.02,71.58
2026-05-19,shopify_orders,commerce,production,1949650,88.82,37.54,126.36,64.81
2026-05-19,subscription_events,growth,production,2390615,98.88,42.92,141.8,59.32
2026-05-19,warehouse_inventory,operations,production,1260196,79.05,29.35,108.4,86.02
2026-05-19,zendesk_tickets,support,production,360566,47.69,15.5,63.19,175.25
2026-05-20,google_ads,marketing,production,870253,64.71,22.87,87.58,100.64
2026-05-20,meta_ads,marketing,production,1059482,72.55,21.24,93.79,88.52
2026-05-20,netsuite_finance,finance,production,604806,82.88,20.27,103.15,170.55
2026-05-20,product_analytics,product,production,1524318,78.25,26.97,105.22,69.03
2026-05-20,shopify_orders,commerce,production,2323465,105.85,40.68,146.52,63.06
2026-05-20,subscription_events,growth,production,2386629,98.72,39.6,138.32,57.96
2026-05-20,warehouse_inventory,operations,production,1254357,78.68,29.01,107.7,85.86
2026-05-20,zendesk_tickets,support,production,290407,38.41,13.12,51.52,177.41
2026-05-21,google_ads,marketing,production,888480,66.07,23.23,89.3,100.51
2026-05-21,meta_ads,marketing,production,1190374,81.51,22.18,103.7,87.12
2026-05-21,netsuite_finance,finance,production,612350,83.91,19.75,103.66,169.28
2026-05-21,product_analytics,product,production,1812553,93.04,33.65,126.69,69.9
2026-05-21,shopify_orders,commerce,production,1822072,83.01,31.01,114.01,62.57
2026-05-21,subscription_events,growth,production,2218712,91.77,39.19,130.97,59.03
2026-05-21,warehouse_inventory,operations,production,1241003,77.84,26.03,103.87,83.7
2026-05-21,zendesk_tickets,support,production,336632,44.52,15.13,59.66,177.23
2026-05-22,google_ads,marketing,production,980795,72.93,24.63,97.56,99.47
2026-05-22,meta_ads,marketing,production,1050137,71.91,20.78,92.69,88.26
2026-05-22,netsuite_finance,finance,production,575765,78.9,13.6,92.51,160.67
2026-05-22,product_analytics,product,production,1619177,83.12,29.73,112.85,69.7
2026-05-22,shopify_orders,commerce,production,2008632,91.5,38.7,130.2,64.82
2026-05-22,subscription_events,growth,production,2657167,109.91,47.02,156.93,59.06
2026-05-22,warehouse_inventory,operations,production,1274507,79.95,25.0,104.94,82.34
2026-05-22,zendesk_tickets,support,production,316394,41.85,14.23,56.08,177.25
2026-05-23,google_ads,marketing,production,848062,63.06,21.24,84.3,99.4
2026-05-23,meta_ads,marketing,production,895202,61.3,21.89,83.19,92.93
2026-05-23,netsuite_finance,finance,production,472516,64.75,16.39,81.15,171.74
2026-05-23,product_analytics,product,production,1481870,76.07,28.83,104.9,70.79
2026-05-23,shopify_orders,commerce,production,1601646,72.96,29.45,102.42,63.95
2026-05-23,subscription_events,growth,production,2022170,83.64,33.92,117.56,58.14
2026-05-23,warehouse_inventory,operations,production,941103,59.03,21.3,80.34,85.37
2026-05-23,zendesk_tickets,support,production,289580,38.3,13.91,52.21,180.3
2026-05-24,google_ads,marketing,production,729481,54.24,18.52,72.76,99.74
2026-05-24,meta_ads,marketing,production,835830,57.24,20.52,77.76,93.03
2026-05-24,netsuite_finance,finance,production,513498,70.37,15.63,86.0,167.48
2026-05-24,product_analytics,product,production,1405299,72.14,28.05,100.18,71.29
2026-05-24,shopify_orders,commerce,production,2027194,92.35,35.04,127.39,62.84
2026-05-24,subscription_events,growth,production,2270906,93.93,37.3,131.23,57.79
2026-05-24,warehouse_inventory,operations,production,1039395,65.2,23.77,88.96,85.59
2026-05-24,zendesk_tickets,support,production,325262,43.02,13.89,56.91,174.97
2026-05-25,google_ads,marketing,production,780006,58.0,17.19,75.19,96.4
2026-05-25,meta_ads,marketing,production,1139789,78.05,27.69,105.74,92.77
2026-05-25,netsuite_finance,finance,production,612860,83.98,16.6,100.59,164.13
2026-05-25,product_analytics,product,production,1684483,86.47,35.17,121.64,72.21
2026-05-25,shopify_orders,commerce,production,1893316,86.25,34.96,121.21,64.02
2026-05-25,subscription_events,growth,production,2437292,100.82,43.11,143.93,59.05
2026-05-25,warehouse_inventory,operations,production,1220982,76.59,27.23,103.82,85.03
2026-05-25,zendesk_tickets,support,production,378848,50.11,10.97,61.08,161.23
2026-05-26,google_ads,marketing,production,859461,63.91,22.35,86.26,100.37
2026-05-26,meta_ads,marketing,production,1080561,73.99,24.62,98.61,91.26
2026-05-26,netsuite_finance,finance,production,613846,84.12,18.89,103.01,167.81
2026-05-26,product_analytics,product,production,1704289,87.49,30.7,118.19,69.35
2026-05-26,shopify_orders,commerce,production,1978251,90.12,37.08,127.2,64.3
2026-05-26,subscription_events,growth,production,2130724,88.13,36.84,124.97,58.65
2026-05-26,warehouse_inventory,operations,production,1340583,84.09,30.76,114.85,85.67
2026-05-26,zendesk_tickets,support,production,301637,39.89,15.56,55.46,183.86
2026-05-27,google_ads,marketing,production,870275,64.71,23.2,87.92,101.03
2026-05-27,meta_ads,marketing,production,1120192,76.71,24.37,101.08,90.23
2026-05-27,netsuite_finance,finance,production,644227,88.28,19.85,108.13,167.84
2026-05-27,product_analytics,product,production,1678008,86.14,34.08,120.22,71.64
2026-05-27,shopify_orders,commerce,production,1977403,90.08,39.64,129.72,65.6
2026-05-27,subscription_events,growth,production,2796298,115.67,51.04,166.71,59.62
2026-05-27,warehouse_inventory,operations,production,1315059,82.49,26.49,108.98,82.87
2026-05-27,zendesk_tickets,support,production,373132,49.35,11.65,61.0,163.48
2026-05-28,google_ads,marketing,production,894438,66.51,21.98,88.49,98.93
2026-05-28,meta_ads,marketing,production,1080654,74.0,24.05,98.06,90.74
2026-05-28,netsuite_finance,finance,production,573612,78.61,15.35,93.95,163.79
2026-05-28,product_analytics,product,production,1447644,74.31,30.58,104.89,72.46
2026-05-28,shopify_orders,commerce,production,2059389,93.82,36.08,129.89,63.07
2026-05-28,subscription_events,growth,production,2224781,92.03,39.27,131.3,59.02
2026-05-28,warehouse_inventory,operations,production,1254152,78.67,23.88,102.55,81.77
2026-05-28,zendesk_tickets,support,production,346299,45.8,15.09,60.89,175.83
2026-05-29,google_ads,marketing,production,904941,67.29,19.59,86.88,96.01
2026-05-29,meta_ads,marketing,production,1101210,75.41,21.66,97.06,88.14
2026-05-29,netsuite_finance,finance,production,583858,80.01,13.33,93.34,159.87
2026-05-29,product_analytics,product,production,1571449,80.67,27.5,108.17,68.83
2026-05-29,shopify_orders,commerce,production,1880552,85.67,31.48,117.15,62.3
2026-05-29,subscription_events,growth,production,2246019,92.9,39.56,132.46,58.98
2026-05-29,warehouse_inventory,operations,production,1352638,84.85,25.02,109.87,81.23
2026-05-29,zendesk_tickets,support,production,371344,49.11,10.58,59.7,160.77
2026-05-30,google_ads,marketing,production,767325,57.06,19.59,76.65,99.89
2026-05-30,meta_ads,marketing,production,871378,59.67,18.45,78.12,89.65
2026-05-30,netsuite_finance,finance,production,484200,66.35,16.85,83.21,171.85
2026-05-30,product_analytics,product,production,1594669,81.86,29.84,111.7,70.05
2026-05-30,shopify_orders,commerce,production,1814422,82.66,36.65,119.31,65.76
2026-05-30,subscription_events,growth,production,1777035,73.5,31.98,105.49,59.36
2026-05-30,warehouse_inventory,operations,production,937483,58.81,24.8,83.6,89.17
2026-05-30,zendesk_tickets,support,production,295321,39.06,10.55,49.61,167.99
2026-05-31,google_ads,marketing,production,736496,54.77,18.39,73.15,99.32
2026-05-31,meta_ads,marketing,production,954081,65.33,23.34,88.67,92.94
2026-05-31,netsuite_finance,finance,production,513608,70.38,17.86,88.25,171.82
2026-05-31,product_analytics,product,production,1178348,60.49,21.79,82.28,69.83
2026-05-31,shopify_orders,commerce,production,1481060,67.47,26.06,93.53,63.15
2026-05-31,subscription_events,growth,production,1940515,80.27,36.39,116.66,60.12
2026-05-31,warehouse_inventory,operations,production,1072774,67.29,20.74,88.03,82.06
2026-05-31,zendesk_tickets,support,production,296311,39.19,13.42,52.61,177.55
2026-06-01,google_ads,marketing,production,820327,61.0,22.96,83.96,102.35
2026-06-01,meta_ads,marketing,production,1088239,74.52,21.47,95.99,88.21
2026-06-01,netsuite_finance,finance,production,611735,83.83,20.04,103.87,169.8
2026-06-01,product_analytics,product,production,1772043,90.96,36.6,127.57,71.99
2026-06-01,shopify_orders,commerce,production,1969378,89.72,35.76,125.47,63.71
2026-06-01,subscription_events,growth,production,2544608,105.25,47.42,152.67,60.0
2026-06-01,warehouse_inventory,operations,production,1148833,72.06,21.17,93.23,81.15
2026-06-01,zendesk_tickets,support,production,383134,50.67,16.87,67.54,176.28
2026-06-02,google_ads,marketing,production,689082,51.24,17.57,68.81,99.86
2026-06-02,meta_ads,marketing,production,823073,56.36,20.82,77.18,93.77
2026-06-02,netsuite_finance,finance,production,550405,75.43,13.23,88.66,161.08
2026-06-02,product_analytics,product,production,1564177,80.29,33.68,113.98,72.87
2026-06-02,shopify_orders,commerce,production,2140179,97.5,35.51,133.01,62.15
2026-06-02,subscription_events,growth,production,2732771,113.04,46.83,159.86,58.5
2026-06-02,warehouse_inventory,operations,production,1356741,85.1,29.94,115.04,84.79
2026-06-02,zendesk_tickets,support,production,382312,50.56,11.43,61.99,162.15
2026-06-03,google_ads,marketing,production,867125,64.48,23.74,88.22,101.74
2026-06-03,meta_ads,marketing,production,1112624,76.19,22.11,98.3,88.35
2026-06-03,netsuite_finance,finance,production,693539,95.04,17.36,112.4,162.07
2026-06-03,product_analytics,product,production,1731829,88.9,34.1,123.0,71.02
2026-06-03,shopify_orders,commerce,production,1906090,86.83,34.27,121.1,63.53
2026-06-03,subscription_events,growth,production,2370448,98.05,44.67,142.72,60.21
2026-06-03,warehouse_inventory,operations,production,1151146,72.21,22.81,95.02,82.54
2026-06-03,zendesk_tickets,support,production,389860,51.56,11.96,63.53,162.96
2026-06-04,google_ads,marketing,production,834095,62.02,17.18,79.2,94.95
2026-06-04,meta_ads,marketing,production,913033,62.52,22.5,85.02,93.12
2026-06-04,netsuite_finance,finance,production,631108,86.49,16.18,102.67,162.68
2026-06-04,product_analytics,product,production,1566125,80.39,31.48,111.88,71.44
2026-06-04,shopify_orders,commerce,production,1727884,78.71,30.24,108.96,63.06
2026-06-04,subscription_events,growth,production,2330721,96.41,40.75,137.16,58.85
2026-06-04,warehouse_inventory,operations,production,1200444,75.3,25.45,100.75,83.93
2026-06-04,zendesk_tickets,support,production,409145,54.11,16.0,70.12,171.38
2026-06-05,google_ads,marketing,production,880194,65.45,22.14,87.59,99.51
2026-06-05,meta_ads,marketing,production,1006126,68.9,20.08,88.98,88.44
2026-06-05,netsuite_finance,finance,production,616229,84.45,16.71,101.16,164.16
2026-06-05,product_analytics,product,production,1942466,99.71,34.81,134.52,69.25
2026-06-05,shopify_orders,commerce,production,1976950,90.06,38.87,128.93,65.22
2026-06-05,subscription_events,growth,production,2469224,102.14,39.79,141.93,57.48
2026-06-05,warehouse_inventory,operations,production,1339173,84.0,27.4,111.4,83.19
2026-06-05,zendesk_tickets,support,production,369084,48.81,12.17,60.99,165.25
2026-06-06,google_ads,marketing,production,762497,56.7,18.43,75.13,98.53
2026-06-06,meta_ads,marketing,production,881697,60.38,19.08,79.46,90.12
2026-06-06,netsuite_finance,finance,production,499593,68.46,16.15,84.61,169.36
2026-06-06,product_analytics,product,production,1270195,65.2,28.26,93.47,73.59
2026-06-06,shopify_orders,commerce,production,1795406,81.79,30.9,112.69,62.77
2026-06-06,subscription_events,growth,production,1955224,80.88,35.32,116.2,59.43
2026-06-06,warehouse_inventory,operations,production,1014748,63.65,22.81,86.46,85.2
2026-06-06,zendesk_tickets,support,production,280042,37.04,11.57,48.6,173.55
2026-06-07,google_ads,marketing,production,757955,56.36,21.12,77.49,102.24
2026-06-07,meta_ads,marketing,production,931331,63.78,23.39,87.16,93.59
2026-06-07,netsuite_finance,finance,production,594401,81.46,13.62,95.07,159.94
2026-06-07,product_analytics,product,production,1535202,78.81,26.61,105.41,68.66
2026-06-07,shopify_orders,commerce,production,1768666,80.57,29.92,110.49,62.47
2026-06-07,subscription_events,growth,production,2115992,87.53,36.98,124.5,58.84
2026-06-07,warehouse_inventory,operations,production,986524,61.88,22.64,84.52,85.67
2026-06-07,zendesk_tickets,support,production,290625,38.44,15.57,54.01,185.84
2026-06-08,google_ads,marketing,production,1018681,75.75,22.59,98.33,96.53
2026-06-08,meta_ads,marketing,production,1109958,76.01,23.9,99.91,90.01
2026-06-08,netsuite_finance,finance,production,629730,86.3,17.34,103.64,164.58
2026-06-08,product_analytics,product,production,1626182,83.48,29.58,113.06,69.52
2026-06-08,shopify_orders,commerce,production,1901488,86.62,37.52,124.14,65.29
2026-06-08,subscription_events,growth,production,2625904,108.62,45.28,153.9,58.61
2026-06-08,warehouse_inventory,operations,production,1204863,75.58,24.83,100.41,83.34
2026-06-08,zendesk_tickets,support,production,356970,47.21,16.62,63.83,178.81
2026-06-09,google_ads,marketing,production,724218,53.85,17.87,71.72,99.03
2026-06-09,meta_ads,marketing,production,944158,64.65,20.17,84.83,89.85
2026-06-09,netsuite_finance,finance,production,599888,82.21,15.51,97.72,162.9
2026-06-09,product_analytics,product,production,1859732,95.47,35.76,131.23,70.56
2026-06-09,shopify_orders,commerce,production,2065609,94.1,39.94,134.04,64.89
2026-06-09,subscription_events,growth,production,2678172,110.78,47.25,158.03,59.01
2026-06-09,warehouse_inventory,operations,production,1231184,77.23,24.98,102.21,83.02
2026-06-09,zendesk_tickets,support,production,344793,45.6,16.66,62.26,180.57
2026-06-10,google_ads,marketing,production,849169,63.14,19.42,82.56,97.22
2026-06-10,meta_ads,marketing,production,1115008,76.35,25.63,101.98,91.46
2026-06-10,netsuite_finance,finance,production,646879,88.65,20.36,109.0,168.5
2026-06-10,product_analytics,product,production,2103424,107.98,39.68,147.65,70.2
2026-06-10,shopify_orders,commerce,production,2124566,96.79,37.23,134.02,63.08
2026-06-10,subscription_events,growth,production,2307202,95.43,38.17,133.6,57.91
2026-06-10,warehouse_inventory,operations,production,1163294,72.97,21.56,94.53,81.26
2026-06-10,zendesk_tickets,support,production,331290,43.82,13.64,57.46,173.44
2026-06-11,google_ads,marketing,production,860920,64.02,22.05,86.07,99.97
2026-06-11,meta_ads,marketing,production,1024207,70.14,23.58,93.72,91.5
2026-06-11,netsuite_finance,finance,production,637014,87.29,17.55,104.85,164.6
2026-06-11,product_analytics,product,production,1803016,92.55,32.09,124.65,69.13
2026-06-11,shopify_orders,commerce,production,2089193,95.17,39.9,135.07,64.65
2026-06-11,subscription_events,growth,production,2727178,112.81,43.28,156.09,57.23
2026-06-11,warehouse_inventory,operations,production,1242128,77.92,23.64,101.55,81.75
2026-06-11,zendesk_tickets,support,production,319468,42.25,11.86,54.12,169.41
2026-06-12,google_ads,marketing,production,906440,67.4,19.04,86.44,95.36
2026-06-12,meta_ads,marketing,production,906707,62.09,19.61,81.7,90.11
2026-06-12,netsuite_finance,finance,production,523843,71.79,14.63,86.42,164.97
2026-06-12,product_analytics,product,production,1868902,95.94,37.66,133.6,71.49
2026-06-12,shopify_orders,commerce,production,2029508,92.46,34.17,126.63,62.39
2026-06-12,subscription_events,growth,production,2325559,96.19,42.85,139.05,59.79
2026-06-12,warehouse_inventory,operations,production,1311801,82.29,23.54,105.83,80.68
2026-06-12,zendesk_tickets,support,production,357804,47.32,12.71,60.03,167.77
2026-06-13,google_ads,marketing,production,751754,55.9,21.43,77.33,102.87
2026-06-13,meta_ads,marketing,production,832648,57.02,22.07,79.09,94.99
2026-06-13,netsuite_finance,finance,production,516578,70.79,17.88,88.67,171.65
2026-06-13,product_analytics,product,production,1452259,74.55,25.98,100.53,69.22
2026-06-13,shopify_orders,commerce,production,1697579,77.33,32.49,109.82,64.69
2026-06-13,subscription_events,growth,production,1806360,74.72,37.25,111.97,61.99
2026-06-13,warehouse_inventory,operations,production,1113119,69.82,27.09,96.91,87.06
2026-06-13,zendesk_tickets,support,production,297377,39.33,12.2,51.53,173.28
2026-06-14,google_ads,marketing,production,819605,60.95,22.47,83.42,101.78
2026-06-14,meta_ads,marketing,production,856452,58.65,22.58,81.23,94.84
2026-06-14,netsuite_finance,finance,production,528507,72.43,12.7,85.12,161.06
2026-06-14,product_analytics,product,production,1433015,73.56,26.95,100.52,70.15
2026-06-14,shopify_orders,commerce,production,1619938,73.8,27.92,101.72,62.79
2026-06-14,subscription_events,growth,production,2168699,89.71,38.34,128.04,59.04
2026-06-14,warehouse_inventory,operations,production,1117443,70.09,22.5,92.59,82.86
2026-06-14,zendesk_tickets,support,production,277124,36.65,10.81,47.46,171.26
2026-06-15,google_ads,marketing,production,850478,63.24,18.71,81.95,96.36
2026-06-15,meta_ads,marketing,production,1112400,76.18,24.09,100.27,90.14
2026-06-15,netsuite_finance,finance,production,730566,100.11,19.19,119.3,163.3
2026-06-15,product_analytics,product,production,1691831,86.85,35.46,122.31,72.29
2026-06-15,shopify_orders,commerce,production,2123147,96.72,37.71,134.43,63.32
2026-06-15,subscription_events,growth,production,2572530,106.41,47.8,154.21,59.94
2026-06-15,warehouse_inventory,operations,production,1317320,82.63,29.21,111.84,84.9
2026-06-15,zendesk_tickets,support,production,359091,47.49,11.09,58.58,163.13
2026-06-16,google_ads,marketing,production,928051,69.01,22.08,91.09,98.15
2026-06-16,meta_ads,marketing,production,1088999,74.57,21.44,96.01,88.16
2026-06-16,netsuite_finance,finance,production,754732,103.43,19.51,122.94,162.89
2026-06-16,product_analytics,product,production,1695366,87.03,32.32,119.35,70.4
2026-06-16,shopify_orders,commerce,production,1966291,89.58,33.52,123.1,62.61
2026-06-16,subscription_events,growth,production,2375659,98.27,43.97,142.24,59.87
2026-06-16,warehouse_inventory,operations,production,1209226,75.85,22.34,98.19,81.2
2026-06-16,zendesk_tickets,support,production,357654,47.3,16.51,63.82,178.44
2026-06-17,google_ads,marketing,production,922558,68.6,19.22,87.82,95.19
2026-06-17,meta_ads,marketing,production,1002183,68.63,25.59,94.22,94.01
2026-06-17,netsuite_finance,finance,production,660044,90.45,17.34,107.79,163.31
2026-06-17,product_analytics,product,production,1823969,93.63,31.15,124.78,68.41
2026-06-17,shopify_orders,commerce,production,2083787,94.93,38.81,133.74,64.18
2026-06-17,subscription_events,growth,production,2808768,116.18,47.7,163.88,58.35
2026-06-17,warehouse_inventory,operations,production,1229471,77.12,22.94,100.06,81.38
2026-06-17,zendesk_tickets,support,production,369585,48.88,14.29,63.17,170.92
2026-06-18,google_ads,marketing,production,850276,63.23,20.07,83.3,97.97
2026-06-18,meta_ads,marketing,production,1011924,69.29,21.37,90.66,89.59
2026-06-18,netsuite_finance,finance,production,644575,88.33,15.8,104.13,161.55
2026-06-18,product_analytics,product,production,2024459,103.92,37.93,141.85,70.07
2026-06-18,shopify_orders,commerce,production,2538051,115.62,47.04,162.66,64.09
2026-06-18,subscription_events,growth,production,2677533,110.75,47.06,157.81,58.94
2026-06-18,warehouse_inventory,operations,production,1327049,83.24,24.05,107.29,80.85
2026-06-18,zendesk_tickets,support,production,352851,46.67,11.27,57.94,164.21
2026-06-19,google_ads,marketing,production,900862,66.99,19.85,86.84,96.4
2026-06-19,meta_ads,marketing,production,932369,63.85,24.19,88.03,94.42
2026-06-19,netsuite_finance,finance,production,663700,90.95,14.72,105.67,159.21
2026-06-19,product_analytics,product,production,1724756,88.54,33.54,122.07,70.78
2026-06-19,shopify_orders,commerce,production,1805006,82.23,36.92,119.15,66.01
2026-06-19,subscription_events,growth,production,2597593,107.45,42.75,150.19,57.82
2026-06-19,warehouse_inventory,operations,production,1186080,74.4,23.39,97.79,82.45
2026-06-19,zendesk_tickets,support,production,415832,55.0,14.58,69.58,167.33
2026-06-20,google_ads,marketing,production,751367,55.87,19.63,75.5,100.48
2026-06-20,meta_ads,marketing,production,844615,57.84,22.23,80.07,94.8
2026-06-20,netsuite_finance,finance,production,498983,68.38,17.54,85.92,172.19
2026-06-20,product_analytics,product,production,1574197,80.81,27.69,108.5,68.92
2026-06-20,shopify_orders,commerce,production,1694407,77.19,31.14,108.33,63.93
2026-06-20,subscription_events,growth,production,2229685,92.23,43.12,135.35,60.7
2026-06-20,warehouse_inventory,operations,production,1100670,69.04,23.41,92.46,84.0
2026-06-20,zendesk_tickets,support,production,320644,42.41,13.14,55.55,173.25
2026-06-21,google_ads,marketing,production,710675,52.85,21.03,73.88,103.96
2026-06-21,meta_ads,marketing,production,881884,60.39,20.9,81.29,92.18
2026-06-21,netsuite_finance,finance,production,520526,71.33,18.18,89.52,171.98
2026-06-21,product_analytics,product,production,1672162,85.84,32.95,118.79,71.04
2026-06-21,shopify_orders,commerce,production,1611942,73.43,28.45,101.89,63.21
2026-06-21,subscription_events,growth,production,2130922,88.14,36.35,124.49,58.42
2026-06-21,warehouse_inventory,operations,production,966646,60.64,18.79,79.42,82.16
2026-06-21,zendesk_tickets,support,production,298969,39.54,13.47,53.01,177.31
2026-06-22,google_ads,marketing,production,848811,63.12,17.54,80.66,95.03
2026-06-22,meta_ads,marketing,production,971842,66.55,23.53,90.08,92.69
2026-06-22,netsuite_finance,finance,production,588631,80.66,15.29,95.95,163.01
2026-06-22,product_analytics,product,production,1818554,93.35,30.74,124.09,68.24
2026-06-22,shopify_orders,commerce,production,2181126,99.36,36.85,136.21,62.45
2026-06-22,subscription_events,growth,production,2303375,95.28,39.4,134.68,58.47
2026-06-22,warehouse_inventory,operations,production,1404704,88.11,29.62,117.74,83.82
2026-06-22,zendesk_tickets,support,production,361389,47.8,15.41,63.21,174.91
2026-06-23,google_ads,marketing,production,841938,62.61,22.08,84.69,100.59
2026-06-23,meta_ads,marketing,production,1072350,73.43,25.12,98.55,91.9
2026-06-23,netsuite_finance,finance,production,681018,93.32,16.81,110.13,161.71
2026-06-23,product_analytics,product,production,1442582,74.05,25.75,99.8,69.18
2026-06-23,shopify_orders,commerce,production,1856731,84.58,31.3,115.88,62.41
2026-06-23,subscription_events,growth,production,2784330,115.17,50.27,165.44,59.42
2026-06-23,warehouse_inventory,operations,production,1319496,82.77,26.49,109.26,82.8
2026-06-23,zendesk_tickets,support,production,381195,50.42,13.74,64.16,168.31
2026-06-24,google_ads,marketing,production,955550,71.05,23.73,94.78,99.19
2026-06-24,meta_ads,marketing,production,1116482,76.45,22.64,99.1,88.76
2026-06-24,netsuite_finance,finance,production,652420,89.41,14.6,104.01,159.42
2026-06-24,product_analytics,product,production,1588941,81.57,28.63,110.2,69.35
2026-06-24,shopify_orders,commerce,production,5966070,271.79,89.79,361.58,60.61
2026-06-24,subscription_events,growth,production,2602045,107.63,48.33,155.96,59.94
2026-06-24,warehouse_inventory,operations,production,1349777,84.67,24.46,109.13,80.85
2026-06-24,zendesk_tickets,support,production,312902,41.38,15.82,57.2,182.8
2026-06-25,google_ads,marketing,production,990592,73.66,19.84,93.5,94.39
2026-06-25,meta_ads,marketing,production,1178936,80.73,24.14,104.87,88.95
2026-06-25,netsuite_finance,finance,production,666441,91.33,16.92,108.24,162.41
2026-06-25,product_analytics,product,production,1917884,98.45,33.87,132.32,68.99
2026-06-25,shopify_orders,commerce,production,2024507,92.23,36.83,129.06,63.75
2026-06-25,subscription_events,growth,production,2666594,110.3,42.82,153.12,57.42
2026-06-25,warehouse_inventory,operations,production,1384030,86.82,24.86,111.68,80.69
2026-06-25,zendesk_tickets,support,production,376071,49.74,15.09,64.83,172.39
2026-06-26,google_ads,marketing,production,880872,65.5,17.5,83.0,94.22
2026-06-26,meta_ads,marketing,production,1288469,88.23,28.89,117.12,90.9
2026-06-26,netsuite_finance,finance,production,502603,68.88,15.87,84.75,168.62
2026-06-26,product_analytics,product,production,1931512,99.15,33.09,132.24,68.46
2026-06-26,shopify_orders,commerce,production,2297832,104.68,37.63,142.31,61.93
2026-06-26,subscription_events,growth,production,2957702,122.34,49.91,172.25,58.24
2026-06-26,warehouse_inventory,operations,production,1327174,83.25,29.15,112.4,84.69
2026-06-26,zendesk_tickets,support,production,350559,46.36,15.88,62.25,177.57
2026-06-27,google_ads,marketing,production,779626,57.97,20.71,78.68,100.92
2026-06-27,meta_ads,marketing,production,977585,66.94,24.89,91.83,93.94
2026-06-27,netsuite_finance,finance,production,607583,83.26,17.16,100.42,165.28
2026-06-27,product_analytics,product,production,1187107,60.94,22.67,83.61,70.43
2026-06-27,shopify_orders,commerce,production,1842106,83.92,31.15,115.07,62.47
2026-06-27,subscription_events,growth,production,2301366,95.19,38.98,134.17,58.3
2026-06-27,warehouse_inventory,operations,production,1093378,68.58,22.6,91.18,83.39
2026-06-27,zendesk_tickets,support,production,292276,38.66,12.02,50.68,173.4
2026-06-28,google_ads,marketing,production,701517,52.16,16.48,68.65,97.86
2026-06-28,meta_ads,marketing,production,898756,61.55,22.44,83.98,93.44
2026-06-28,netsuite_finance,finance,production,501706,68.75,17.36,86.11,171.63
2026-06-28,product_analytics,product,production,1607527,82.52,32.8,115.32,71.74
2026-06-28,shopify_orders,commerce,production,1447329,65.93,29.48,95.41,65.92
2026-06-28,subscription_events,growth,production,2289271,94.69,37.55,132.25,57.77
2026-06-28,warehouse_inventory,operations,production,1281354,80.38,23.25,103.63,80.88
2026-06-28,zendesk_tickets,support,production,304889,40.32,9.33,49.65,162.85
2026-06-29,google_ads,marketing,production,906378,67.4,19.02,86.41,95.34
2026-06-29,meta_ads,marketing,production,1149349,78.71,28.03,106.74,92.87
2026-06-29,netsuite_finance,finance,production,666977,91.4,19.88,111.28,166.84
2026-06-29,product_analytics,product,production,1786282,91.7,32.09,123.79,69.3
2026-06-29,shopify_orders,commerce,production,1793022,81.68,30.18,111.86,62.39
2026-06-29,subscription_events,growth,production,2360433,97.64,39.78,137.41,58.21
2026-06-29,warehouse_inventory,operations,production,1291741,81.03,29.33,110.36,85.44
2026-06-29,zendesk_tickets,support,production,406180,53.72,14.57,68.29,168.13
2026-06-30,google_ads,marketing,production,895171,66.56,21.29,87.86,98.15
2026-06-30,meta_ads,marketing,production,1212195,83.01,28.79,111.8,92.23
2026-06-30,netsuite_finance,finance,production,689993,94.55,18.35,112.91,163.64
2026-06-30,product_analytics,product,production,1752978,89.99,30.22,120.21,68.57
2026-06-30,shopify_orders,commerce,production,2314279,105.43,43.92,149.35,64.53
2026-06-30,subscription_events,growth,production,2379279,98.42,39.7,138.11,58.05
2026-06-30,warehouse_inventory,operations,production,1210787,75.95,28.47,104.42,86.24
2026-06-30,zendesk_tickets,support,production,434820,57.51,11.84,69.35,159.49
2026-07-01,google_ads,marketing,production,923342,68.66,23.23,91.89,99.52
2026-07-01,meta_ads,marketing,production,1126671,77.15,25.62,102.77,91.22
2026-07-01,netsuite_finance,finance,production,563944,77.28,15.15,92.43,163.9
2026-07-01,product_analytics,product,production,1919090,98.51,37.16,135.67,70.69
2026-07-01,shopify_orders,commerce,production,2067496,94.19,39.02,133.21,64.43
2026-07-01,subscription_events,growth,production,2282765,94.42,41.61,136.03,59.59
2026-07-01,warehouse_inventory,operations,production,1364591,85.6,30.8,116.4,85.3
2026-07-01,zendesk_tickets,support,production,358290,47.39,15.04,62.43,174.24
2026-07-02,google_ads,marketing,production,860012,63.95,21.04,84.99,98.82
2026-07-02,meta_ads,marketing,production,2188262,149.85,39.41,189.26,86.49
2026-07-02,netsuite_finance,finance,production,607029,83.19,17.59,100.78,166.02
2026-07-02,product_analytics,product,production,1656729,85.05,28.9,113.95,68.78
2026-07-02,shopify_orders,commerce,production,1813479,82.61,31.51,114.13,62.93
2026-07-02,subscription_events,growth,production,2653440,109.76,47.68,157.44,59.33
2026-07-02,warehouse_inventory,operations,production,1255850,78.78,27.62,106.4,84.72
2026-07-02,zendesk_tickets,support,production,354035,46.82,12.79,59.61,168.37
2026-07-03,google_ads,marketing,production,859947,63.94,21.19,85.13,98.99
2026-07-03,meta_ads,marketing,production,894271,61.24,22.27,83.51,93.38
2026-07-03,netsuite_finance,finance,production,691649,94.78,18.84,113.62,164.27
2026-07-03,product_analytics,product,production,1526024,78.34,30.0,108.34,70.99
2026-07-03,shopify_orders,commerce,production,2174727,99.07,39.14,138.21,63.55
2026-07-03,subscription_events,growth,production,2721505,112.57,49.15,161.72,59.42
2026-07-03,warehouse_inventory,operations,production,1227968,77.03,24.56,101.59,82.73
2026-07-03,zendesk_tickets,support,production,319733,42.29,14.61,56.9,177.96
2026-07-04,google_ads,marketing,production,876653,65.19,23.88,89.07,101.6
2026-07-04,meta_ads,marketing,production,899667,61.61,18.95,80.55,89.53
2026-07-04,netsuite_finance,finance,production,464264,63.62,13.87,77.49,166.91
2026-07-04,product_analytics,product,production,1348485,69.22,26.69,95.92,71.13
2026-07-04,shopify_orders,commerce,production,1950067,88.84,32.65,121.49,62.3
2026-07-04,subscription_events,growth,production,2096361,86.71,39.97,126.68,60.43
2026-07-04,warehouse_inventory,operations,production,986070,61.85,21.49,83.34,84.52
2026-07-04,zendesk_tickets,support,production,300491,39.74,10.85,50.59,168.36
2026-07-05,google_ads,marketing,production,702576,52.24,16.32,68.56,97.58
2026-07-05,meta_ads,marketing,production,898513,61.53,21.23,82.76,92.11
2026-07-05,netsuite_finance,finance,production,509830,69.87,16.92,86.78,170.21
2026-07-05,product_analytics,product,production,1516448,77.84,32.79,110.63,72.95
2026-07-05,shopify_orders,commerce,production,1879337,85.61,37.77,123.39,65.66
2026-07-05,subscription_events,growth,production,2051602,84.86,34.1,118.96,57.98
2026-07-05,warehouse_inventory,operations,production,1130323,70.9,26.63,97.53,86.29
2026-07-05,zendesk_tickets,support,production,319683,42.28,12.97,55.25,172.83
2026-07-06,google_ads,marketing,production,797253,59.28,16.84,76.12,95.48
2026-07-06,meta_ads,marketing,production,1172621,80.3,24.36,104.65,89.24
2026-07-06,netsuite_finance,finance,production,633013,86.75,15.45,102.2,161.45
2026-07-06,product_analytics,product,production,1867320,95.86,35.53,131.38,70.36
2026-07-06,shopify_orders,commerce,production,2069069,94.26,38.46,132.72,64.14
2026-07-06,subscription_events,growth,production,2522997,104.36,44.27,148.63,58.91
2026-07-06,warehouse_inventory,operations,production,1235838,77.52,23.81,101.33,81.99
2026-07-06,zendesk_tickets,support,production,332932,44.03,15.52,59.55,178.87
2026-07-07,google_ads,marketing,production,862980,64.17,21.5,85.67,99.27
2026-07-07,meta_ads,marketing,production,1119071,76.63,26.98,103.62,92.59
2026-07-07,netsuite_finance,finance,production,677733,92.87,14.6,107.48,158.59
2026-07-07,product_analytics,product,production,1767404,90.73,33.31,124.04,70.18
2026-07-07,shopify_orders,commerce,production,2063070,93.98,34.94,128.92,62.49
2026-07-07,subscription_events,growth,production,2654433,109.8,44.8,154.6,58.24
2026-07-07,warehouse_inventory,operations,production,1483837,93.08,29.87,122.95,82.86
2026-07-07,zendesk_tickets,support,production,311954,41.26,13.84,55.1,176.63
2026-07-08,google_ads,marketing,production,942928,70.12,20.83,90.94,96.44
2026-07-08,meta_ads,marketing,production,1206301,82.61,23.64,106.24,88.07
2026-07-08,netsuite_finance,finance,production,678601,92.99,16.56,109.55,161.44
2026-07-08,product_analytics,product,production,1709325,87.75,33.78,121.53,71.1
2026-07-08,shopify_orders,commerce,production,2156303,98.23,38.25,136.48,63.29
2026-07-08,subscription_events,growth,production,2590541,107.15,47.92,155.07,59.86
2026-07-08,warehouse_inventory,operations,production,1414171,88.71,28.29,117.0,82.73
2026-07-08,zendesk_tickets,support,production,390931,51.7,11.68,63.39,162.15
2026-07-09,google_ads,marketing,production,1012631,75.3,23.93,99.22,97.98
2026-07-09,meta_ads,marketing,production,1177225,80.61,21.7,102.31,86.91
2026-07-09,netsuite_finance,finance,production,685998,94.01,17.38,111.38,162.36
2026-07-09,product_analytics,product,production,1800960,92.45,34.12,126.57,70.28
2026-07-09,shopify_orders,commerce,production,2230101,101.59,38.06,139.65,62.62
2026-07-09,subscription_events,growth,production,2659557,110.01,49.2,159.21,59.86
2026-07-09,warehouse_inventory,operations,production,1249531,78.38,23.19,101.57,81.29
2026-07-09,zendesk_tickets,support,production,410863,54.34,14.37,68.71,167.23
2026-07-10,google_ads,marketing,production,913829,67.95,23.81,91.76,100.41
2026-07-10,meta_ads,marketing,production,1141157,78.14,25.32,103.46,90.66
2026-07-10,netsuite_finance,finance,production,734328,100.63,16.64,117.27,159.7
2026-07-10,product_analytics,product,production,1940026,99.59,34.98,134.56,69.36
2026-07-10,shopify_orders,commerce,production,2145205,97.73,40.82,138.55,64.59
2026-07-10,subscription_events,growth,production,2832422,117.16,45.82,162.98,57.54
2026-07-10,warehouse_inventory,operations,production,1303001,81.73,26.36,108.09,82.95
2026-07-10,zendesk_tickets,support,production,363228,48.04,15.94,63.98,176.14
2026-07-11,google_ads,marketing,production,712658,52.99,21.37,74.36,104.34
2026-07-11,meta_ads,marketing,production,887444,60.77,18.3,79.07,89.1
2026-07-11,netsuite_finance,finance,production,552806,75.75,19.39,95.15,172.12
2026-07-11,product_analytics,product,production,1412596,72.51,25.79,98.3,69.59
2026-07-11,shopify_orders,commerce,production,1791678,81.62,36.34,117.96,65.84
2026-07-11,subscription_events,growth,production,7059851,292.02,109.11,401.13,56.82
2026-07-11,warehouse_inventory,operations,production,1108062,69.51,25.18,94.69,85.46
2026-07-11,zendesk_tickets,support,production,266147,35.2,11.57,46.77,175.73
2026-07-12,google_ads,marketing,production,756975,56.29,21.33,77.62,102.54
2026-07-12,meta_ads,marketing,production,933891,63.95,20.53,84.48,90.46
2026-07-12,netsuite_finance,finance,production,513289,70.34,15.65,85.99,167.53
2026-07-12,product_analytics,product,production,1472705,75.6,32.34,107.93,73.29
2026-07-12,shopify_orders,commerce,production,2028063,92.39,35.02,127.41,62.82
2026-07-12,subscription_events,growth,production,2393098,98.99,44.82,143.81,60.09
2026-07-12,warehouse_inventory,operations,production,1144036,71.76,27.04,98.8,86.36
2026-07-12,zendesk_tickets,support,production,255880,33.84,13.99,47.83,186.92
2026-07-13,google_ads,marketing,production,962342,71.56,20.87,92.43,96.05
2026-07-13,meta_ads,marketing,production,1021252,69.93,22.25,92.19,90.27
2026-07-13,netsuite_finance,finance,production,675931,92.63,17.94,110.57,163.58
2026-07-13,product_analytics,product,production,1662097,85.32,29.73,115.06,69.23
2026-07-13,shopify_orders,commerce,production,2421194,110.3,45.42,155.72,64.32
2026-07-13,subscription_events,growth,production,2702819,111.8,45.84,157.64,58.32
2026-07-13,warehouse_inventory,operations,production,1331864,83.54,28.06,111.6,83.79
2026-07-13,zendesk_tickets,support,production,383298,50.69,12.06,62.75,163.71
2026-07-14,google_ads,marketing,production,956335,71.11,24.43,95.54,99.9
2026-07-14,meta_ads,marketing,production,1179808,80.79,26.84,107.63,91.23
2026-07-14,netsuite_finance,finance,production,713906,97.83,20.59,118.42,165.88
2026-07-14,product_analytics,product,production,1889301,96.98,36.66,133.65,70.74
2026-07-14,shopify_orders,commerce,production,2373584,108.13,39.62,147.75,62.25
2026-07-14,subscription_events,growth,production,3056167,126.41,50.73,177.14,57.96
2026-07-14,warehouse_inventory,operations,production,1376727,86.36,30.2,116.56,84.66
2026-07-14,zendesk_tickets,support,production,398276,52.68,16.75,69.42,174.3
2026-07-15,google_ads,marketing,production,1006197,74.82,20.67,95.49,94.9
2026-07-15,meta_ads,marketing,production,1124747,77.02,24.7,101.73,90.45
2026-07-15,netsuite_finance,finance,production,656194,89.92,15.91,105.83,161.28
2026-07-15,product_analytics,product,production,1616010,82.96,30.9,113.85,70.45
2026-07-15,shopify_orders,commerce,production,2021317,92.08,39.79,131.87,65.24
2026-07-15,subscription_events,growth,production,2594157,107.3,41.81,149.11,57.48
2026-07-15,warehouse_inventory,operations,production,1227865,77.02,27.83,104.85,85.39
2026-07-15,zendesk_tickets,support,production,410278,54.26,13.52,67.78,165.21
2026-07-16,google_ads,marketing,production,886855,65.95,20.92,86.87,97.95
2026-07-16,meta_ads,marketing,production,1069737,73.25,23.28,96.53,90.24
2026-07-16,netsuite_finance,finance,production,727334,99.67,17.57,117.24,161.19
2026-07-16,product_analytics,product,production,1776091,91.17,35.04,126.21,71.06
2026-07-16,shopify_orders,commerce,production,2289620,104.3,40.19,144.49,63.11
2026-07-16,subscription_events,growth,production,2677399,110.75,46.56,157.31,58.75
2026-07-16,warehouse_inventory,operations,production,1250286,78.43,28.48,106.91,85.51
2026-07-16,zendesk_tickets,support,production,397294,52.55,16.29,68.83,173.25
2026-07-17,google_ads,marketing,production,866188,64.41,19.8,84.2,97.21
2026-07-17,meta_ads,marketing,production,1099752,75.31,23.97,99.28,90.27
2026-07-17,netsuite_finance,finance,production,706209,96.78,15.11,111.89,158.44
2026-07-17,product_analytics,product,production,1786940,91.73,35.7,127.43,71.31
2026-07-17,shopify_orders,commerce,production,2395926,109.15,43.24,152.39,63.6
2026-07-17,subscription_events,growth,production,2522449,104.34,44.04,148.38,58.82
2026-07-17,warehouse_inventory,operations,production,1297952,81.42,29.27,110.68,85.27
2026-07-17,zendesk_tickets,support,production,371900,49.19,17.12,66.3,178.27
2026-07-18,google_ads,marketing,production,738199,54.89,19.83,74.73,101.23
2026-07-18,meta_ads,marketing,production,894957,61.29,19.14,80.42,89.86
2026-07-18,netsuite_finance,finance,production,455880,62.47,17.41,79.88,175.22
2026-07-18,product_analytics,product,production,3428081,175.97,56.58,232.55,67.84
2026-07-18,shopify_orders,commerce,production,1644641,74.92,31.3,106.23,64.59
2026-07-18,subscription_events,growth,production,2070360,85.64,34.07,119.71,57.82
2026-07-18,warehouse_inventory,operations,production,1015618,63.71,22.74,86.45,85.12
2026-07-18,zendesk_tickets,support,production,359899,47.6,11.77,59.37,164.96
2026-07-19,google_ads,marketing,production,686185,51.02,20.1,71.12,103.65
2026-07-19,meta_ads,marketing,production,858890,58.82,18.2,77.02,89.67
2026-07-19,netsuite_finance,finance,production,521239,71.43,12.32,83.75,160.67
2026-07-19,product_analytics,product,production,1531751,78.63,27.72,106.35,69.43
2026-07-19,shopify_orders,commerce,production,1833394,83.52,33.15,116.68,63.64
2026-07-19,subscription_events,growth,production,2401142,99.32,40.52,139.84,58.24
2026-07-19,warehouse_inventory,operations,production,1030538,64.64,23.31,87.96,85.35
2026-07-19,zendesk_tickets,support,production,308168,40.76,12.07,52.83,171.43
2026-07-20,google_ads,marketing,production,970128,72.14,19.81,91.94,94.77
2026-07-20,meta_ads,marketing,production,1148791,78.67,21.73,100.4,87.4
2026-07-20,netsuite_finance,finance,production,615894,84.4,15.07,99.47,161.51
2026-07-20,product_analytics,product,production,1545780,79.35,32.5,111.85,72.36
2026-07-20,shopify_orders,commerce,production,2224387,101.33,41.09,142.42,64.03
2026-07-20,subscription_events,growth,production,2598574,107.49,42.96,150.44,57.89
2026-07-20,warehouse_inventory,operations,production,1337088,83.87,27.2,111.07,83.07
2026-07-20,zendesk_tickets,support,production,366671,48.5,12.66,61.15,166.77
2026-07-21,google_ads,marketing,production,1006338,74.83,23.81,98.64,98.02
2026-07-21,meta_ads,marketing,production,1077297,73.77,26.17,99.94,92.77
2026-07-21,netsuite_finance,finance,production,608128,83.34,14.22,97.55,160.41
2026-07-21,product_analytics,product,production,1782131,91.48,35.84,127.32,71.44
2026-07-21,shopify_orders,commerce,production,1999453,91.09,39.17,130.25,65.14
2026-07-21,subscription_events,growth,production,2884439,119.31,48.5,167.81,58.18
2026-07-21,warehouse_inventory,operations,production,1213940,76.15,22.5,98.65,81.26
2026-07-21,zendesk_tickets,support,production,377316,49.9,14.85,64.76,171.63
2026-07-22,google_ads,marketing,production,989869,73.61,24.14,97.74,98.74
2026-07-22,meta_ads,marketing,production,1099357,75.28,26.6,101.89,92.68
2026-07-22,netsuite_finance,finance,production,654105,89.64,15.98,105.61,161.46
2026-07-22,product_analytics,product,production,1982695,101.78,34.27,136.05,68.62
2026-07-22,shopify_orders,commerce,production,1703785,77.62,29.99,107.6,63.15
2026-07-22,subscription_events,growth,production,2435473,100.74,43.56,144.3,59.25
2026-07-22,warehouse_inventory,operations,production,1341819,84.17,24.6,108.77,81.06
2026-07-22,zendesk_tickets,support,production,341662,45.19,14.32,59.51,174.18
2026-07-23,google_ads,marketing,production,929026,69.08,23.86,92.94,100.04
2026-07-23,meta_ads,marketing,production,1079029,73.89,26.65,100.54,93.18
2026-07-23,netsuite_finance,finance,production,587844,80.56,19.16,99.71,169.62
2026-07-23,product_analytics,product,production,1777685,91.25,36.88,128.13,72.08
2026-07-23,shopify_orders,commerce,production,2200777,100.26,40.62,140.88,64.01
2026-07-23,subscription_events,growth,production,2573903,106.47,45.79,152.26,59.16
2026-07-23,warehouse_inventory,operations,production,1281024,80.36,27.32,107.68,84.06
2026-07-23,zendesk_tickets,support,production,338518,44.77,14.92,59.69,176.33
2026-07-24,google_ads,marketing,production,816437,60.71,18.73,79.44,97.3
2026-07-24,meta_ads,marketing,production,1164950,79.77,22.14,101.92,87.49
2026-07-24,netsuite_finance,finance,production,629123,86.21,14.12,100.34,159.49
2026-07-24,product_analytics,product,production,1826870,93.78,34.75,128.53,70.36
2026-07-24,shopify_orders,commerce,production,2400623,109.36,39.04,148.4,61.82
2026-07-24,subscription_events,growth,production,2578286,106.65,45.01,151.65,58.82
2026-07-24,warehouse_inventory,operations,production,1403056,88.01,24.92,112.93,80.49
2026-07-24,zendesk_tickets,support,production,406927,53.82,11.98,65.8,161.7
2026-07-25,google_ads,marketing,production,823710,61.25,23.22,84.47,102.55
2026-07-25,meta_ads,marketing,production,934594,64.0,22.84,86.84,92.92
2026-07-25,netsuite_finance,finance,production,570949,78.24,14.53,92.77,162.48
2026-07-25,product_analytics,product,production,1572676,80.73,32.8,113.53,72.19
2026-07-25,shopify_orders,commerce,production,1623934,73.98,34.2,108.18,66.62
2026-07-25,subscription_events,growth,production,2467321,102.06,42.7,144.76,58.67
2026-07-25,warehouse_inventory,operations,production,1033581,64.83,24.62,89.46,86.55
2026-07-25,zendesk_tickets,support,production,270012,35.71,13.95,49.67,183.95
2026-07-26,google_ads,marketing,production,926846,68.92,18.3,87.21,94.09
2026-07-26,meta_ads,marketing,production,901612,61.74,19.52,81.26,90.13
2026-07-26,netsuite_finance,finance,production,495167,67.86,13.65,81.51,164.61
2026-07-26,product_analytics,product,production,1498844,76.94,28.62,105.56,70.43
2026-07-26,shopify_orders,commerce,production,1863208,84.88,35.59,120.47,64.66
2026-07-26,subscription_events,growth,production,2357354,97.51,38.45,135.96,57.67
2026-07-26,warehouse_inventory,operations,production,1037307,65.07,23.64,88.7,85.51
2026-07-26,zendesk_tickets,support,production,296882,39.27,12.19,51.45,173.3
2026-07-27,google_ads,marketing,production,937045,69.68,24.7,94.37,100.71
2026-07-27,meta_ads,marketing,production,1076739,73.73,22.32,96.05,89.2
2026-07-27,netsuite_finance,finance,production,687188,94.17,17.52,111.69,162.53
2026-07-27,product_analytics,product,production,1948945,100.05,35.16,135.2,69.37
2026-07-27,shopify_orders,commerce,production,2170931,98.9,38.41,137.31,63.25
2026-07-27,subscription_events,growth,production,2536025,104.9,43.41,148.31,58.48
2026-07-27,warehouse_inventory,operations,production,1306587,81.96,25.52,107.47,82.25
2026-07-27,zendesk_tickets,support,production,360932,47.74,13.07,60.81,168.48
2026-07-28,google_ads,marketing,production,809809,60.22,16.48,76.7,94.71
2026-07-28,meta_ads,marketing,production,1124501,77.0,25.09,102.1,90.8
2026-07-28,netsuite_finance,finance,production,636801,87.27,16.72,103.99,163.3
2026-07-28,product_analytics,product,production,1924970,98.82,34.25,133.07,69.13
2026-07-28,shopify_orders,commerce,production,2021606,92.1,39.82,131.91,65.25
2026-07-28,subscription_events,growth,production,2560204,105.9,41.5,147.4,57.57
2026-07-28,warehouse_inventory,operations,production,1280248,80.31,22.93,103.24,80.64
2026-07-28,zendesk_tickets,support,production,337055,44.58,11.24,55.81,165.58
2026-07-29,google_ads,marketing,production,873397,64.94,18.12,83.06,95.1
2026-07-29,meta_ads,marketing,production,1141542,78.17,27.57,105.74,92.63
2026-07-29,netsuite_finance,finance,production,749934,102.77,19.77,122.54,163.4
2026-07-29,product_analytics,product,production,1684458,86.47,31.52,117.99,70.05
2026-07-29,shopify_orders,commerce,production,2322622,105.81,39.07,144.88,62.38
2026-07-29,subscription_events,growth,production,2866293,118.56,46.56,165.12,57.61
2026-07-29,warehouse_inventory,operations,production,1584656,99.4,27.8,127.21,80.28
2026-07-29,zendesk_tickets,support,production,372935,49.32,17.09,66.41,178.07
2026-07-30,google_ads,marketing,production,952902,70.86,22.88,93.74,98.37
2026-07-30,meta_ads,marketing,production,1136951,77.86,27.9,105.75,93.01
2026-07-30,netsuite_finance,finance,production,691996,94.83,18.66,113.49,164.0
2026-07-30,product_analytics,product,production,1955582,100.39,33.46,133.85,68.45
2026-07-30,shopify_orders,commerce,production,2169004,98.81,41.88,140.69,64.86
2026-07-30,subscription_events,growth,production,2548121,105.4,45.39,150.79,59.18
2026-07-30,warehouse_inventory,operations,production,1231522,77.25,23.29,100.54,81.64
2026-07-30,zendesk_tickets,support,production,407545,53.9,11.11,65.01,159.52
2026-07-31,google_ads,marketing,production,1060545,78.86,19.9,98.76,93.12
2026-07-31,meta_ads,marketing,production,1139142,78.01,25.91,103.92,91.23
2026-07-31,netsuite_finance,finance,production,612819,83.98,17.71,101.69,165.94
2026-07-31,product_analytics,product,production,1651990,84.8,29.58,114.38,69.24
2026-07-31,shopify_orders,commerce,production,2423699,110.41,44.91,155.33,64.09
2026-07-31,subscription_events,growth,production,3289064,136.05,55.93,191.98,58.37
2026-07-31,warehouse_inventory,operations,production,1401089,87.89,28.73,116.62,83.24
2026-07-31,zendesk_tickets,support,production,380526,50.33,15.05,65.37,171.79
